selection_rank,selection_reason,candidate_id,seed,depth,pattern,growth_pattern,noise_ratio,pool_count,pools,min_channels,max_channels,channels,parameter_count,parameter_bin,architecture_key,feature_depth,feature_parameter_count,feature_pattern,feature_growth_pattern,feature_channel_1,feature_pool_after_1,feature_channel_2,feature_pool_after_2,feature_channel_3,feature_pool_after_3,feature_channel_4,feature_pool_after_4,feature_channel_5,feature_pool_after_5,feature_channel_6,feature_pool_after_6,feature_channel_min,feature_channel_max,feature_channel_mean,feature_channel_std,feature_channel_sum,feature_channel_range,feature_channel_first,feature_channel_last,feature_channel_last_first_ratio,feature_pool_count,feature_conv_macs,feature_conv_flops,feature_activation_elements,feature_final_feature_map_height,feature_final_feature_map_width,predicted_energy_j,ensemble_energy_mean_j,energy_uncertainty_std_j,energy_upper_j,energy_relative_uncertainty,predicted_latency_ms,ensemble_latency_mean_ms,latency_uncertainty_std_ms,latency_upper_ms,latency_relative_uncertainty,combined_relative_uncertainty,capacity_energy_score,is_capacity_energy_pareto,is_latency_energy_pareto
1,low_energy_ucb,C004555,7339160182301088906,5,uniform,linear,0.0,5,1-2-3-4-5,12,12,12-12-12-12-12,5698,1,12-12-12-12-12|1-2-3-4-5,5,5698,uniform,linear,12.0,1.0,12.0,1.0,12.0,1.0,12.0,1.0,12.0,1.0,,0.0,12.0,12.0,12.0,0.0,60.0,0.0,12.0,12.0,1.0,5.0,772416.0,1544832.0,16368.0,1.0,1.0,0.00078370876,0.0008057702420046,6.578862022285e-05,0.0008715588622275,0.0816468725119162,0.06467643,0.0706224123015999,0.0078578276256716,0.0784802399272716,0.1112653528757131,0.0964561126938146,0.023917724247168454,True,True
2,low_energy_ucb,C023242,688303013832059520,5,uniform,linear,0.1,4,1-2-3-4,13,13,13-13-13-13-13,6640,1,13-13-13-13-13|1-2-3-4,5,6640,uniform,linear,13.0,1.0,13.0,1.0,13.0,1.0,13.0,1.0,13.0,0.0,,0.0,13.0,13.0,13.0,0.0,65.0,0.0,13.0,13.0,1.0,4.0,876564.0,1753128.0,17732.0,2.0,2.0,0.00079066755,0.0008073113567661,7.197388656591534e-05,0.000879285243332,0.0891525753511277,0.06452829,0.0706698300316929,0.0084617103452562,0.0791315403769492,0.1197358242047766,0.1044441997779522,0.018242262069996018,True,False
3,low_energy_ucb,C002328,667895695915595575,5,uniform,late,0.05,5,1-2-3-4-5,14,14,14-14-14-14-14,7654,1,14-14-14-14-14|1-2-3-4-5,5,7654,uniform,late,14.0,1.0,14.0,1.0,14.0,1.0,14.0,1.0,14.0,1.0,,0.0,14.0,14.0,14.0,0.0,70.0,0.0,14.0,14.0,1.0,5.0,986832.0,1973664.0,19096.0,1.0,1.0,0.00077110686,0.0008239960880018,7.254417907290742e-05,0.0008965402670747,0.0880394702465409,0.06426603,0.0726613560691475,0.0080557637478624,0.08071711981701,0.1108672365018386,0.0994533533741898,0.012764199686144846,True,False
10,low_energy_ucb,C002241,3179833863557385076,6,uniform,late,0.05,5,1-2-3-4-5,13,13,13-13-13-13-13-13,8174,1,13-13-13-13-13-13|1-2-3-4-5,6,8174,uniform,late,13.0,1.0,13.0,1.0,13.0,1.0,13.0,1.0,13.0,1.0,13.0,0.0,13.0,13.0,13.0,0.0,78.0,0.0,13.0,13.0,1.0,5.0,878085.0,1756170.0,17745.0,1.0,1.0,0.000782799,0.0008335028076544,8.823736606558834e-05,0.00092174017372,0.1058633099436066,0.06449425,0.0715761613100767,0.0090270388735868,0.0806032001836635,0.1261179519600188,0.1159906309518127,0.011109629715009964,True,False
15,low_energy_ucb,C017250,6560500304283218663,6,hourglass,linear,0.0,5,1-2-3-4-5,14,14,14-14-14-14-14-14,9432,1,14-14-14-14-14-14|1-2-3-4-5,6,9432,hourglass,linear,14.0,1.0,14.0,1.0,14.0,1.0,14.0,1.0,14.0,1.0,14.0,0.0,14.0,14.0,14.0,0.0,84.0,0.0,14.0,14.0,1.0,5.0,988596.0,1977192.0,19110.0,1.0,1.0,0.0007645659,0.0008348643372301,9.765291225051618e-05,0.0009325172494806,0.1169685994427637,0.06410103,0.0749463122338056,0.0094066849202139,0.0843529971540196,0.1255123119449623,0.121240455693863,0.0035626988129930856,True,False
16,capacity_energy_pareto,C024575,309615666265252828,6,inverse_hourglass,early,0.1,2,1-4,92,250,92-208-250-250-204-92,1835146,5,92-208-250-250-204-92|1-4,6,1835146,inverse_hourglass,early,92.0,1.0,208.0,0.0,250.0,0.0,250.0,1.0,204.0,0.0,92.0,0.0,92.0,250.0,182.66666666666663,66.58995586589785,1096.0,158.0,92.0,92.0,1.0,2.0,350627328.0,701254656.0,294400.0,8.0,8.0,0.07764155,0.0838532343506813,0.0110669815580678,0.0949202159087491,0.1319803779039078,5.8500276,6.052544283866882,0.5576312014743677,6.61017548534125,0.09213170120221,0.1120560395530589,-5.416427482352,True,False
17,capacity_energy_pareto,C028253,682065126021911148,6,increasing,early,0.1,5,1-2-3-4-6,93,242,93-168-194-213-229-242,1749677,5,93-168-194-213-229-242|1-2-3-4-6,6,1749677,increasing,early,93.0,1.0,168.0,1.0,194.0,1.0,213.0,1.0,229.0,0.0,242.0,1.0,93.0,242.0,189.8333333333333,49.434861743061,1139.0,149.0,93.0,242.0,2.6021505376344085,5.0,67043340.0,134086680.0,155948.0,1.0,1.0,0.020032952,0.0200244294479489,0.0012867240454037,0.0213111534933527,0.0642577132471344,1.2568455,1.3382445871829989,0.0440260240708525,1.3822706112538512,0.0328983389826572,0.0485780261148958,-10.050128579038342,True,False
18,capacity_energy_pareto,C038769,2140617413892990732,6,increasing,early,0.0,5,1-2-3-5-6,68,248,68-148-182-207-229-248,1615229,5,68-148-182-207-229-248|1-2-3-5-6,6,1615229,increasing,early,68.0,1.0,148.0,1.0,182.0,1.0,207.0,0.0,229.0,1.0,248.0,1.0,68.0,248.0,180.3333333333333,59.617298011753455,1082.0,180.0,68.0,248.0,3.647058823529412,5.0,54878256.0,109756512.0,127136.0,1.0,1.0,0.015787719,0.0155001575592905,0.0010044053177442,0.0165045628770347,0.0647996843839951,1.1368312,1.1384238183498383,0.0349611381982354,1.1733849565480738,0.0307101253809957,0.0477549048824954,-9.5016505061065,True,False
19,capacity_energy_pareto,C021853,2694996385719132975,6,increasing,early,0.1,5,1-2-3-4-5,30,229,30-122-149-169-212-229,1186576,5,30-122-149-169-212-229|1-2-3-4-5,6,1186576,increasing,early,30.0,1.0,122.0,1.0,149.0,1.0,169.0,1.0,212.0,1.0,229.0,0.0,30.0,229.0,151.83333333333334,65.33354591802149,911.0,199.0,30.0,229.0,7.633333333333334,5.0,25085412.0,50170824.0,75269.0,1.0,1.0,0.0070807864,0.0069524160120636,0.0006285452736653,0.0075809612857289,0.090406740991149,0.59251714,0.5946869760751724,0.050395458899476,0.6450824349746485,0.0847428326614399,0.0875747868262945,-7.3009421040908595,True,False
20,capacity_energy_pareto,C038326,822941080045675780,6,increasing,linear,0.0,5,1-2-3-5-6,10,251,10-58-106-155-203-251,953757,5,10-58-106-155-203-251|1-2-3-5-6,6,953757,increasing,linear,10.0,1.0,58.0,1.0,106.0,1.0,155.0,0.0,203.0,1.0,251.0,1.0,10.0,251.0,130.5,82.41510783830839,783.0,241.0,10.0,251.0,25.1,5.0,13885236.0,27770472.0,38604.0,1.0,1.0,0.0027105054,0.0035357357235625,0.0003821144259361,0.0039178501494986,0.1080721116653778,0.36514765,0.3618718475103378,0.0367081221056856,0.3985799696160235,0.1014395630890767,0.1047558373772273,-6.0220589800320985,True,False
21,capacity_energy_pareto,C032483,2368186944528952820,6,increasing,late,0.1,5,1-2-3-4-6,14,245,14-24-52-100-147-245,520911,4,14-24-52-100-147-245|1-2-3-4-6,6,520911,increasing,late,14.0,1.0,24.0,1.0,52.0,1.0,100.0,1.0,147.0,0.0,245.0,1.0,14.0,245.0,97.0,80.26622369755952,582.0,231.0,14.0,245.0,17.5,5.0,4454604.0,8909208.0,26976.0,1.0,1.0,0.0017500329,0.001892027456779,0.0003900770163715,0.0022821044731505,0.2061687926218653,0.14409715,0.1598648235201835,0.0165619490359587,0.1764267725561422,0.103599707998725,0.1548842503102951,-3.279003260766817,True,False
22,capacity_energy_pareto,C042472,3875732980980196474,6,increasing,late,0.0,5,1-2-3-4-5,8,174,8-15-35-68-114-174,277897,4,8-15-35-68-114-174|1-2-3-4-5,6,277897,increasing,late,8.0,1.0,15.0,1.0,35.0,1.0,68.0,1.0,114.0,1.0,174.0,0.0,8.0,174.0,69.0,58.9406481131655,414.0,166.0,8.0,174.0,21.75,5.0,1600380.0,3200760.0,15990.0,1.0,1.0,0.0012169371,0.0012202704179799,0.0001813708826995,0.0014016413006794,0.148631713124524,0.07930923,0.098081761971116,0.0147968315267194,0.1128785934978355,0.1508622115809556,0.1497469623527398,-1.736285122299343,True,False
23,capacity_energy_pareto,C029537,5351788919870807320,5,increasing,late,0.0,4,1-2-3-4,11,149,11-20-46-89-149,168567,3,11-20-46-89-149|1-2-3-4,5,168567,increasing,late,11.0,1.0,20.0,1.0,46.0,1.0,89.0,1.0,149.0,0.0,,0.0,11.0,149.0,63.0,50.821255395749525,315.0,138.0,11.0,149.0,13.545454545454543,4.0,2407860.0,4815720.0,21348.0,2.0,2.0,0.0013134788,0.001188507117331,0.0001347945176052,0.0013233016349362,0.1134149856064169,0.10517274,0.1069862652570009,0.0119475345638624,0.1189337998208633,0.1116735361792678,0.1125442608928424,-1.0197882871681037,True,False
24,capacity_energy_pareto,C031583,943511703622750682,5,increasing,linear,0.0,5,1-2-3-4-5,11,90,11-31-50-70-90,106678,3,11-31-50-70-90|1-2-3-4-5,5,106678,increasing,linear,11.0,1.0,31.0,1.0,50.0,1.0,70.0,1.0,90.0,1.0,,0.0,11.0,90.0,50.4,27.86108397029807,252.0,79.0,11.0,90.0,8.181818181818182,5.0,2713392.0,5426784.0,23880.0,1.0,1.0,0.0011417754,0.0011177966865943,0.0001320622182502,0.0012498589048445,0.1181451151484196,0.11542479,0.1143483210355043,0.0104583646512578,0.1248066856867622,0.0914605877598378,0.1048028514541287,-0.6162519610755703,True,False
25,capacity_energy_pareto,C041071,785772656390332081,6,inverse_hourglass,linear,0.05,5,1-2-3-4-6,13,57,13-32-57-57-30-13,68994,3,13-32-57-57-30-13|1-2-3-4-6,6,68994,inverse_hourglass,linear,13.0,1.0,32.0,1.0,57.0,1.0,57.0,1.0,30.0,0.0,13.0,1.0,13.0,57.0,33.666666666666664,18.070848224573066,202.0,44.0,13.0,13.0,1.0,5.0,2911968.0,5823936.0,26236.0,1.0,1.0,0.0010704461,0.0010431845090351,0.0001241300148904,0.0011673145239256,0.118991428472497,0.123694845,0.1202865086495876,0.0078909405514711,0.1281774492010587,0.0656012103107807,0.0922963193916389,-0.37321123845216664,True,False
26,capacity_energy_pareto,C007238,7744838670202792149,5,inverse_hourglass,linear,0.1,5,1-2-3-4-5,14,61,14-36-61-38-14,50641,2,14-36-61-38-14|1-2-3-4-5,5,50641,inverse_hourglass,linear,14.0,1.0,36.0,1.0,61.0,1.0,38.0,1.0,14.0,1.0,,0.0,14.0,61.0,32.6,17.54536975956905,163.0,47.0,14.0,14.0,1.0,5.0,3166128.0,6332256.0,28120.0,1.0,1.0,0.001089694,0.0010363926994614,0.0001079331021735,0.0011443258016349,0.1041430552624067,0.12108906,0.1198617693036794,0.0067796663212261,0.1266414356249056,0.0565623748140184,0.0803527150382125,-0.253629146557236,True,False
27,capacity_energy_pareto,C036773,7293448486584990779,5,increasing,linear,0.1,5,1-2-3-4-5,8,44,8-15-28-33-44,27038,2,8-15-28-33-44|1-2-3-4-5,5,27038,increasing,linear,8.0,1.0,15.0,1.0,28.0,1.0,33.0,1.0,44.0,1.0,,0.0,8.0,44.0,25.6,12.815615474880635,128.0,36.0,8.0,44.0,5.5,5.0,924912.0,1849824.0,14528.0,1.0,1.0,0.0008498771,0.0009509563882602,0.0001274984544611,0.0010784548427214,0.1340739239308831,0.069763795,0.0847809009253978,0.0138422246502891,0.098623125575687,0.1632705538535083,0.1486722388921957,-0.10240366724087024,True,False
28,capacity_energy_pareto,C024467,2885450185447479945,5,increasing,late,0.0,5,1-2-3-4-5,11,27,11-12-15-20-27,11030,1,11-12-15-20-27|1-2-3-4-5,5,11030,increasing,late,11.0,1.0,12.0,1.0,15.0,1.0,20.0,1.0,27.0,1.0,,0.0,11.0,27.0,17.0,5.89915248150105,85.0,16.0,11.0,27.0,2.4545454545454546,5.0,774576.0,1549152.0,15724.0,1.0,1.0,0.00079187873,0.0008952563162893,9.865059435160096e-05,0.0009939069106409,0.1101925700569105,0.063307114,0.0753928737714886,0.0120012997157913,0.0873941734872799,0.1591834760426635,0.134688023049787,-0.0026554585020608784,True,False
49,balanced_fill,C028658,1830800459670494969,6,increasing,early,0.0,4,1-2-4-5,90,253,90-163-193-216-236-253,1792630,5,90-163-193-216-236-253|1-2-4-5,6,1792630,increasing,early,90.0,1.0,163.0,1.0,193.0,0.0,216.0,1.0,236.0,1.0,253.0,0.0,90.0,253.0,191.8333333333333,53.97350172898632,1151.0,163.0,90.0,253.0,2.811111111111111,4.0,87910704.0,175821408.0,164852.0,2.0,2.0,0.023904659,0.022632719296962,0.0019456820176889,0.0245784013146509,0.085967664431296,1.8168185,1.830752444267273,0.130675694311238,1.961428138578511,0.0713781345590603,0.0786728994951782,-10.103067998907632,True,False
50,balanced_fill,C033729,6901232056551839903,6,increasing,early,0.05,5,1-2-3-5-6,69,254,69-149-188-216-229-254,1684297,5,69-149-188-216-229-254|1-2-3-5-6,6,1684297,increasing,early,69.0,1.0,149.0,1.0,188.0,1.0,216.0,0.0,229.0,1.0,254.0,1.0,69.0,254.0,184.16666666666663,61.12123653490295,1105.0,185.0,69.0,254.0,3.681159420289855,5.0,56794392.0,113588784.0,128968.0,1.0,1.0,0.015460094,0.0157755643129348,0.0016199166002337,0.0173954809131686,0.1026851761433041,1.4744706,1.3611473083496093,0.0665525998428569,1.4276999081924662,0.0488944873450559,0.07578983174418,-9.894869108414,True,False
4,low_energy_ucb,C000883,296072201989045859,4,uniform,linear,0.1,4,1-2-3-4,14,14,14-14-14-14,5876,1,14-14-14-14|1-2-3-4,4,5876,uniform,linear,14.0,1.0,14.0,1.0,14.0,1.0,14.0,1.0,,0.0,,0.0,14.0,14.0,14.0,0.0,56.0,0.0,14.0,14.0,1.0,4.0,979776.0,1959552.0,19040.0,2.0,2.0,0.000861912,0.0008118882600683,8.600962413164054e-05,0.0008978978842,0.1059377606031615,0.06617783,0.0731089998036623,0.0076307033778347,0.080739703181497,0.1043743369260604,0.105156048764611,0.024602207653103947,False,False
5,low_energy_ucb,C010098,5889507476635797088,5,uniform,linear,0.0,4,1-2-3-4,14,14,14-14-14-14-14,7654,1,14-14-14-14-14|1-2-3-4,5,7654,uniform,linear,14.0,1.0,14.0,1.0,14.0,1.0,14.0,1.0,14.0,0.0,,0.0,14.0,14.0,14.0,0.0,70.0,0.0,14.0,14.0,1.0,4.0,986832.0,1973664.0,19096.0,2.0,2.0,0.0007885139,0.0008308974152896,7.331985754042526e-05,0.00090421727283,0.0882417687084338,0.06477101,0.0727062240242958,0.0080750042570711,0.0807812282813669,0.1110634524820427,0.0996526105952383,0.0133063370168569,False,False
6,low_energy_ucb,C036812,217650833133950520,5,inverse_hourglass,linear,0.1,5,1-2-3-4-5,12,15,12-15-15-14-12,7569,1,12-15-15-14-12|1-2-3-4-5,5,7569,inverse_hourglass,linear,12.0,1.0,15.0,1.0,15.0,1.0,14.0,1.0,12.0,1.0,,0.0,12.0,15.0,13.6,1.3564659966250536,68.0,3.0,12.0,12.0,1.0,5.0,912384.0,1824768.0,17360.0,1.0,1.0,0.0008173301,0.0008391013427171,6.548971969731723e-05,0.0009045910624145,0.0780474495312423,0.063468374,0.0719859298318624,0.008152013663212,0.0801379434950744,0.1132445421244496,0.095645995827846,0.013894084089090063,False,False
7,low_energy_ucb,C020670,7010317208617227512,5,uniform,late,0.0,4,1-2-3-4,12,12,12-12-12-12-12,5698,1,12-12-12-12-12|1-2-3-4,5,5698,uniform,late,12.0,1.0,12.0,1.0,12.0,1.0,12.0,1.0,12.0,0.0,,0.0,12.0,12.0,12.0,0.0,60.0,0.0,12.0,12.0,1.0,4.0,772416.0,1544832.0,16368.0,2.0,2.0,0.0008255914,0.0008429966575931,6.705543145390788e-05,0.000910052089047,0.0795441249379998,0.06640562,0.0713956044986844,0.0088023899978887,0.0801979944965731,0.1232903630369979,0.1014172439874989,0.0266360516659033,False,False
8,low_energy_ucb,C024630,556652432274193651,4,uniform,linear,0.05,3,1-2-3,13,13,13-13-13-13,5106,1,13-13-13-13|1-2-3,4,5106,uniform,linear,13.0,1.0,13.0,1.0,13.0,1.0,13.0,0.0,,0.0,,0.0,13.0,13.0,13.0,0.0,52.0,0.0,13.0,13.0,1.0,3.0,870480.0,1740960.0,17680.0,4.0,4.0,0.00087147584,0.0008221990428864,8.921706081181684e-05,0.0009114161036983,0.1085102951453243,0.06641873,0.0716166164726019,0.0084205518380482,0.0800371683106501,0.1175781858009125,0.1130442404731184,0.030642018457117615,False,False
9,low_energy_ucb,C035666,2971488483218782882,4,hourglass,linear,0.1,4,1-2-3-4,13,14,14-13-13-14,5379,1,14-13-13-14|1-2-3-4,4,5379,hourglass,linear,14.0,1.0,13.0,1.0,13.0,1.0,14.0,1.0,,0.0,,0.0,13.0,14.0,13.5,0.5,54.0,1.0,14.0,14.0,1.0,4.0,929952.0,1859904.0,18720.0,2.0,2.0,0.0008888006,0.0008292267215438,9.017663016635168e-05,0.0009194033517101,0.1087478584849083,0.06636613,0.0734579816460609,0.0074062287507459,0.0808642103968068,0.1008226551395189,0.1047852568122136,0.029403138290023875,False,False
11,low_energy_ucb,C006483,2775009537049986249,6,uniform,linear,0.05,5,1-2-3-4-6,12,12,12-12-12-12-12-12,7006,1,12-12-12-12-12-12|1-2-3-4-6,6,7006,uniform,linear,12.0,1.0,12.0,1.0,12.0,1.0,12.0,1.0,12.0,0.0,12.0,1.0,12.0,12.0,12.0,0.0,72.0,0.0,12.0,12.0,1.0,5.0,777600.0,1555200.0,16416.0,1.0,1.0,0.00078112003,0.0008332779019838,8.849137424511298e-05,0.0009217692762289,0.1061967130466772,0.06399927,0.07146623339504,0.0084819827473724,0.0799482161424124,0.1186851796216405,0.1124409463341589,0.01882530358320616,False,False
12,low_energy_ucb,C013473,4345298529108954167,5,uniform,linear,0.0,4,1-2-3-5,12,12,12-12-12-12-12,5698,1,12-12-12-12-12|1-2-3-5,5,5698,uniform,linear,12.0,1.0,12.0,1.0,12.0,1.0,12.0,0.0,12.0,1.0,,0.0,12.0,12.0,12.0,0.0,60.0,0.0,12.0,12.0,1.0,4.0,787968.0,1575936.0,16512.0,2.0,2.0,0.0008068489,0.0008456079056486,7.79220055926832e-05,0.0009235299112413,0.092149097793629,0.06570496,0.0708286877721548,0.008353041044551,0.0791817288167058,0.1179330199003759,0.1050410588470025,0.027587832969855675,False,False
13,low_energy_ucb,C016970,2411874805599073337,6,uniform,linear,0.0,5,1-2-3-5-6,13,13,13-13-13-13-13-13,8174,1,13-13-13-13-13-13|1-2-3-5-6,6,8174,uniform,linear,13.0,1.0,13.0,1.0,13.0,1.0,13.0,0.0,13.0,1.0,13.0,1.0,13.0,13.0,13.0,0.0,78.0,0.0,13.0,13.0,1.0,5.0,900900.0,1801800.0,17940.0,1.0,1.0,0.00076641986,0.0008338616520632,9.283468242015713e-05,0.0009266963344833,0.1113310369777267,0.06381375,0.0711921522393822,0.0087462761226503,0.0799384283620326,0.1228544979682754,0.1170927674730011,0.011459625514471272,False,False
14,low_energy_ucb,C009322,1760985882587396856,5,uniform,linear,0.1,3,1-2-3,12,12,12-12-12-12-12,5698,1,12-12-12-12-12|1-2-3,5,5698,uniform,linear,12.0,1.0,12.0,1.0,12.0,1.0,12.0,0.0,12.0,0.0,,0.0,12.0,12.0,12.0,0.0,60.0,0.0,12.0,12.0,1.0,3.0,787968.0,1575936.0,16512.0,4.0,4.0,0.0008174669,0.0008507549180649,8.151874797528738e-05,0.0009322736660402,0.0958193085274255,0.06633749,0.0713529136031866,0.0085399146587817,0.0798928282619683,0.1196855773300944,0.1077524429287599,0.028205302337232896,False,False
29,high_uncertainty,C018279,8269485494687657408,6,uniform,late,0.05,3,2-4-6,14,14,14-14-14-14-14-14,9432,1,14-14-14-14-14-14|2-4-6,6,9432,uniform,late,14.0,0.0,14.0,1.0,14.0,0.0,14.0,1.0,14.0,0.0,14.0,1.0,14.0,14.0,14.0,0.0,84.0,0.0,14.0,14.0,1.0,3.0,3322368.0,6644736.0,37632.0,4.0,4.0,0.0011967039,0.001041773892939,0.000299436695496,0.0013412105884351,0.2874296404675951,0.12262159,0.1161534272134304,0.0125410038368679,0.1286944310502984,0.1079692966254371,0.1976994685465161,0.03242394015146969,False,False
30,high_uncertainty,C018246,3686861969952847417,6,increasing,late,0.05,1,4,9,14,9-9-10-11-12-14,5687,1,9-9-10-11-12-14|4,6,5687,increasing,late,9.0,0.0,9.0,0.0,10.0,0.0,11.0,1.0,12.0,0.0,14.0,0.0,9.0,14.0,10.833333333333334,1.7716909687891085,65.0,5.0,9.0,14.0,1.5555555555555556,1.0,3529728.0,7059456.0,46592.0,16.0,16.0,0.0018220412,0.0013037190539762,0.0003357367667262,0.0016394558207024,0.2575223286813902,0.14463902,0.1273576728999614,0.0168316372932965,0.144189310193258,0.1321603709461436,0.1948413498137669,0.07821797093567716,False,False
31,high_uncertainty,C038226,2637945605762177213,6,increasing,linear,0.1,5,1-2-4-5-6,9,29,9-14-16-21-24-29,17630,2,9-14-16-21-24-29|1-2-4-5-6,6,17630,increasing,linear,9.0,1.0,14.0,1.0,16.0,0.0,21.0,1.0,24.0,1.0,29.0,1.0,9.0,29.0,18.83333333333333,6.618576550554926,113.0,20.0,9.0,29.0,3.2222222222222223,5.0,959328.0,1918656.0,15668.0,1.0,1.0,0.00089303096,0.0009946084173861,0.000192978611346,0.0011875870287321,0.1940247116077616,0.064033836,0.0790098970755934,0.0144968347966739,0.0935067318722674,0.1834812515045299,0.1887529815561457,-0.032565320827254385,False,False
32,high_uncertainty,C036415,3655262144839531510,6,uniform,early,0.1,2,2-4,14,14,14-14-14-14-14-14,9432,1,14-14-14-14-14-14|2-4,6,9432,uniform,early,14.0,0.0,14.0,1.0,14.0,0.0,14.0,1.0,14.0,0.0,14.0,0.0,14.0,14.0,14.0,0.0,84.0,0.0,14.0,14.0,1.0,2.0,3322368.0,6644736.0,37632.0,8.0,8.0,0.0012597978,0.0011055520706577,0.0002914247888367,0.0013969768594944,0.2636011424259404,0.12274573,0.1171729333698749,0.0122248817943924,0.1293978151642674,0.1043319599740896,0.183966551200015,0.03636206111939803,False,False
33,high_uncertainty,C000020,4497142929430243183,6,increasing,early,0.1,5,1-2-4-5-6,8,26,8-16-17-21-25-26,17987,2,8-16-17-21-25-26|1-2-4-5-6,6,17987,increasing,early,8.0,1.0,16.0,1.0,17.0,0.0,21.0,1.0,25.0,1.0,26.0,1.0,8.0,26.0,18.83333333333333,6.094168432927408,113.0,18.0,8.0,26.0,3.25,5.0,977400.0,1954800.0,15224.0,1.0,1.0,0.0009831687,0.0011114810680737,0.0001967782440229,0.0013082593120966,0.1770414716680076,0.06571108,0.0803999450057744,0.0147945443074428,0.0951944893132173,0.1840118709830002,0.1805266713255039,-0.026401318460401432,False,False
34,high_uncertainty,C002693,3830530116890815521,3,hourglass,late,0.05,3,1-2-3,8,67,67-8-67,12279,1,67-8-67|1-2-3,3,12279,hourglass,late,67.0,1.0,8.0,1.0,67.0,1.0,,0.0,,0.0,,0.0,8.0,67.0,47.333333333333336,27.81286672667087,142.0,59.0,67.0,67.0,1.0,3.0,3396096.0,6792192.0,74944.0,4.0,4.0,0.0020566662,0.0016589455888606,0.0003994598117384,0.002058405400599,0.2407913884702933,0.16074078,0.1580924212932586,0.0186637900503269,0.1767562113435856,0.1180561971133702,0.1794237927918318,0.06426909495092988,False,False
35,high_uncertainty,C033639,8414868587005446217,6,increasing,late,0.1,2,2-5,10,35,10-11-13-18-24-35,16572,1,10-11-13-18-24-35|2-5,6,16572,increasing,late,10.0,0.0,11.0,1.0,13.0,0.0,18.0,0.0,24.0,1.0,35.0,0.0,10.0,35.0,18.5,8.770214744615247,111.0,25.0,10.0,35.0,3.5,2.0,3638016.0,7276032.0,37824.0,8.0,8.0,0.0013233223,0.0012346841249382,0.0003033910833955,0.0015380752083338,0.2457236448316544,0.12456727,0.124072491377592,0.0133352559470129,0.137407747324605,0.1074795532752664,0.1766015990534604,-0.0008272657946958029,False,False
36,high_uncertainty,C007923,6197234140850566517,6,uniform,late,0.1,1,2,13,13,13-13-13-13-13-13,8174,1,13-13-13-13-13-13|2,6,8174,uniform,late,13.0,0.0,13.0,1.0,13.0,0.0,13.0,0.0,13.0,0.0,13.0,0.0,13.0,13.0,13.0,0.0,78.0,0.0,13.0,13.0,1.0,1.0,3474432.0,6948864.0,39936.0,16.0,16.0,0.0015662932,0.0011466148134786,0.0002568265099318,0.0014034413234105,0.2239867363589376,0.12648608,0.1178536742925644,0.0150510608778532,0.1329047351704176,0.1277097296134354,0.1758482329861865,0.04512656077095492,False,False
37,high_uncertainty,C003639,6275590391149442888,3,hourglass,linear,0.0,2,1-2,9,67,67-9-67,13486,1,67-9-67|1-2,3,13486,hourglass,linear,67.0,1.0,9.0,1.0,67.0,0.0,,0.0,,0.0,,0.0,9.0,67.0,47.66666666666666,27.34146220587984,143.0,58.0,67.0,67.0,1.0,2.0,3589056.0,7178112.0,75200.0,8.0,8.0,0.002136982,0.0016065383038949,0.0003748350042379,0.0019813733081328,0.2333184358749437,0.15836962,0.1574173253029585,0.0185563045887803,0.1759736298917388,0.1178796841648,0.1755990600198718,0.05085803757977768,False,False
38,high_uncertainty,C016595,3513919030085240262,3,hourglass,early,0.05,3,1-2-3,9,64,64-9-64,12883,1,64-9-64|1-2-3,3,12883,hourglass,early,64.0,1.0,9.0,1.0,64.0,1.0,,0.0,,0.0,,0.0,9.0,64.0,45.66666666666666,25.927248643506744,137.0,55.0,64.0,64.0,1.0,3.0,3428352.0,6856704.0,71936.0,4.0,4.0,0.0020935405,0.0016968175186775,0.0003920459815889,0.0020888635002664,0.2310478158514483,0.15748975,0.1497040212154388,0.0174032946060405,0.1671073158214794,0.1162513502626326,0.1736495830570404,0.06243110324300072,False,False
39,structural_diversity,C024294,561565286006443637,4,increasing,early,0.1,4,1-2-3-4,8,253,8-143-213-253,772801,5,8-143-213-253|1-2-3-4,4,772801,increasing,early,8.0,1.0,143.0,1.0,213.0,1.0,253.0,1.0,,0.0,,0.0,8.0,253.0,154.25,93.16484047107042,617.0,245.0,8.0,253.0,31.625,4.0,28161360.0,56322720.0,62480.0,2.0,2.0,0.0073441253,0.0072477935114875,0.0005970787200009,0.0078448722314885,0.0823807575442979,0.65923643,0.6744004935026169,0.0635559714156483,0.7379564649182652,0.0942406952959943,0.0883107264201461,-4.54968308465859,False,False
40,structural_diversity,C044178,8190312719619107767,4,increasing,early,0.05,1,1,10,219,10-136-186-219,609531,5,10-136-186-219|1,4,609531,increasing,early,10.0,1.0,136.0,0.0,186.0,0.0,219.0,0.0,,0.0,,0.0,10.0,219.0,137.75,79.4555693453895,551.0,209.0,10.0,219.0,21.9,1.0,155543040.0,311086080.0,148736.0,16.0,16.0,0.03497585,0.0320673255249857,0.0030603045089649,0.0351276300339507,0.0954337307169708,2.3270586,2.513348841667175,0.1922375634087403,2.7055864050759157,0.0764866222395231,0.0859601764782469,-1.5447646872739202,False,False
41,structural_diversity,C026535,2514055333875070964,6,hourglass,late,0.05,5,2-3-4-5-6,26,155,155-74-26-26-75-155,255061,4,155-74-26-26-75-155|2-3-4-5-6,6,255061,hourglass,late,155.0,0.0,74.0,1.0,26.0,1.0,26.0,1.0,75.0,1.0,155.0,1.0,26.0,155.0,85.16666666666667,53.20218249491483,511.0,129.0,155.0,155.0,1.0,5.0,115514532.0,231029064.0,244636.0,1.0,1.0,0.03005286,0.0312161521986126,0.001339939265809,0.0325560914644217,0.042924549357771,2.0460024,2.224293315410614,0.0844674854810082,2.3087608008916223,0.0379749760950098,0.0404497627263904,0.6146019522442387,False,False
42,structural_diversity,C011296,6496665312734481596,6,increasing,late,0.05,0,,9,114,9-13-26-47-74-114,123995,3,9-13-26-47-74-114|,6,123995,increasing,late,9.0,0.0,13.0,0.0,26.0,0.0,47.0,0.0,74.0,0.0,114.0,0.0,9.0,114.0,47.16666666666666,37.100838564946514,283.0,105.0,9.0,114.0,12.666666666666666,0.0,125503488.0,251006976.0,289792.0,32.0,32.0,0.031785045,0.0331111211329698,0.0034864695528154,0.0365975906857852,0.1052960284496026,2.5059896,2.3557799220085145,0.1321332733006098,2.487913195309124,0.0560889716675886,0.0806925000585956,1.7655822060488116,False,False
43,structural_diversity,C025634,3988661188554435586,5,hourglass,early,0.05,5,1-2-3-4-5,32,247,247-191-32-191-247,969259,5,247-191-32-191-247|1-2-3-4-5,5,969259,hourglass,early,247.0,1.0,191.0,1.0,32.0,1.0,191.0,1.0,247.0,1.0,,0.0,32.0,247.0,181.6,78.88117646181502,908.0,215.0,247.0,247.0,1.0,5.0,121623876.0,243247752.0,307916.0,1.0,1.0,0.033478726,0.0339691533707082,0.0022922995019032,0.0362614528726115,0.0674817967020613,2.3835135,2.3775715112686155,0.13214958642443,2.509721097693045,0.0555817504533935,0.0615317735777274,-3.8403849040235953,False,False
44,structural_diversity,C020140,4918092671265821685,2,increasing,late,0.1,0,,42,253,42-253,99603,3,42-253|,2,99603,increasing,late,42.0,0.0,253.0,0.0,,0.0,,0.0,,0.0,,0.0,42.0,253.0,147.5,105.5,295.0,211.0,42.0,253.0,6.023809523809524,0.0,99090432.0,198180864.0,302080.0,32.0,32.0,0.027142936,0.0260559052228927,0.001984548163374,0.0280404533862667,0.0761650054525984,2.3017206,2.1327185571193694,0.13719434129883,2.2699128984181995,0.0643283854031524,0.0702466954278754,1.3223792865135175,False,False
45,structural_diversity,C014691,6879668738993468552,3,hourglass,early,0.05,0,,15,255,255-15-255,78820,3,255-15-255|,3,78820,hourglass,early,255.0,0.0,15.0,0.0,255.0,0.0,,0.0,,0.0,,0.0,15.0,255.0,175.0,113.1370849898476,525.0,240.0,255.0,255.0,1.0,0.0,77552640.0,155105280.0,537600.0,32.0,32.0,0.030985512,0.0322948881424963,0.0065870314842043,0.0388819196267007,0.2039651431873703,2.2309763,2.008176827430725,0.198389138490252,2.2065659659209773,0.0987906721063366,0.1513779076468534,2.2252390763329783,False,False
46,structural_diversity,C042432,3618222740269297940,6,increasing,late,0.05,5,1-2-4-5-6,19,140,19-24-39-60-93-140,203286,4,19-24-39-60-93-140|1-2-4-5-6,6,203286,increasing,late,19.0,1.0,24.0,1.0,39.0,0.0,60.0,1.0,93.0,1.0,140.0,1.0,19.0,140.0,62.5,42.56269884926628,375.0,121.0,19.0,140.0,7.368421052631579,5.0,4735152.0,9470304.0,33984.0,1.0,1.0,0.0019055534,0.0020951965008862,0.0003499318493822,0.0024451283502685,0.1670162436956406,0.14764425,0.1550347328186035,0.0098015499032968,0.1648362827219004,0.0632216389521248,0.1151189413238827,-1.1698553938812513,False,False
47,structural_diversity,C028018,3133547349256301651,5,increasing,early,0.0,4,1-3-4-5,41,253,41-147-191-225-253,1210540,5,41-147-191-225-253|1-3-4-5,5,1210540,increasing,early,41.0,1.0,147.0,0.0,191.0,1.0,225.0,1.0,253.0,1.0,,0.0,41.0,253.0,171.4,74.18247771542818,857.0,212.0,41.0,253.0,6.170731707317073,4.0,112659984.0,225319968.0,146960.0,2.0,2.0,0.02817684,0.0270437952131032,0.0018054056080024,0.0288492008211057,0.0667585889397531,2.189863,2.3142567038536077,0.2192204110143666,2.533477114867974,0.0947260563831702,0.0807423226614617,-5.957275798376989,False,False
48,structural_diversity,C010516,1274676229319671747,6,hourglass,late,0.0,5,1-2-3-5-6,35,256,256-115-35-35-115-256,623689,5,256-115-35-35-115-256|1-2-3-5-6,6,623689,hourglass,late,256.0,1.0,115.0,1.0,35.0,1.0,35.0,0.0,115.0,1.0,256.0,1.0,35.0,256.0,135.33333333333334,91.36130958392008,812.0,221.0,256.0,256.0,1.0,5.0,79041888.0,158083776.0,297248.0,1.0,1.0,0.024546776,0.0257325631566345,0.0022656966836389,0.0279982598402735,0.0880478431102113,1.8965493,1.9135723888874052,0.1491137818832291,2.0626861707706343,0.0779242963313905,0.0829860697208009,-2.1417301190340026,False,False
