timestamp,project_name,run_id,experiment_id,duration,emissions,emissions_rate,cpu_power,gpu_power,ram_power,cpu_energy,gpu_energy,ram_energy,energy_consumed,water_consumed,country_name,country_iso_code,region,cloud_provider,cloud_region,os,python_version,codecarbon_version,cpu_count,cpu_model,gpu_count,gpu_model,longitude,latitude,ram_total_size,tracking_mode,cpu_utilization_percent,gpu_utilization_percent,ram_utilization_percent,ram_used_gb,on_cloud,pue,wue
2026-07-07T14:39:19,codecarbon,599282ac-0b7f-4a29-8424-3115bce55fe5,5b0fa12a-3dd7-45bb-9766-cc326314d9f1,8.636499899992486,1.1297025990676364e-07,1.3080560552876509e-08,2.7738550286250003,0.0,10.0,6.232877445161917e-06,0.0,2.2459038611082684e-05,2.86919160562446e-05,0.0,Canada,CAN,quebec,,,Windows-10-10.0.19045-SP0,3.14.6,3.2.8,4,Intel(R) Pentium(R) CPU 3825U @ 1.90GHz,0,,-71.2,46.8,3.897407531738281,machine,0.0,0,56.92857142857143,2.2186856951032365,N,1.0,0.0
2026-07-07T14:39:23,codecarbon,060d4157-b23c-45d5-b7db-8f72ca967c79,5b0fa12a-3dd7-45bb-9766-cc326314d9f1,3.0010019000037573,3.330202756070932e-08,1.1096969835529802e-08,2.2740557977500004,0.0,10.0,1.5684875374535176e-06,0.0,6.88948166668221e-06,8.457969204135728e-06,0.0,Canada,CAN,quebec,,,Windows-10-10.0.19045-SP0,3.14.6,3.2.8,4,Intel(R) Pentium(R) CPU 3825U @ 1.90GHz,0,,-71.2,46.8,3.897407531738281,machine,0.0,0,56.7,2.210346221923828,N,1.0,0.0
2026-07-07T14:39:27,codecarbon,f8b66dfe-aa28-4896-9a82-134e7d7b0052,5b0fa12a-3dd7-45bb-9766-cc326314d9f1,2.0269641999911983,1.8934269590111042e-08,9.341195858413909e-09,1.5,0.0,10.0,6.282826666635326e-07,0.0,4.180597777748416e-06,4.808880444411948e-06,0.0,Canada,CAN,quebec,,,Windows-10-10.0.19045-SP0,3.14.6,3.2.8,4,Intel(R) Pentium(R) CPU 3825U @ 1.90GHz,0,,-71.2,46.8,3.897407531738281,machine,0.0,0,0.0,0.0,N,1.0,0.0
2026-07-07T14:39:38,codecarbon,055784a2-43fc-4c32-9a2a-7c77558a44d6,5b0fa12a-3dd7-45bb-9766-cc326314d9f1,8.85161280000466,1.1866369236071597e-07,1.340588376850979e-08,3.0255675843750005,0.0,10.0,7.00258734000982e-06,0.0,2.3135333055567268e-05,3.0137920395577088e-05,0.0,Canada,CAN,quebec,,,Windows-10-10.0.19045-SP0,3.14.6,3.2.8,4,Intel(R) Pentium(R) CPU 3825U @ 1.90GHz,0,,-71.2,46.8,3.897407531738281,machine,0.0,0,56.471428571428575,2.201942443847656,N,1.0,0.0
2026-07-07T14:39:42,codecarbon,74a7cbc4-ecfc-44d5-87a3-10a5fb92b978,5b0fa12a-3dd7-45bb-9766-cc326314d9f1,2.045534300006693,1.891787028778e-08,9.248375980651169e-09,1.5,0.0,10.0,6.277189999976448e-07,0.0,4.176996388883305e-06,4.804715388880949e-06,0.0,Canada,CAN,quebec,,,Windows-10-10.0.19045-SP0,3.14.6,3.2.8,4,Intel(R) Pentium(R) CPU 3825U @ 1.90GHz,0,,-71.2,46.8,3.897407531738281,machine,0.0,0,0.0,0.0,N,1.0,0.0
2026-07-07T14:39:47,codecarbon,a30efc00-072a-4133-a17f-4f016ae8126c,5b0fa12a-3dd7-45bb-9766-cc326314d9f1,3.544661299994914,3.991647231043784e-08,1.1261011682694513e-08,2.0721927075,0.0,10.0,1.7414264294796104e-06,0.0,8.396463611117926e-06,1.0137890040597536e-05,0.0,Canada,CAN,quebec,,,Windows-10-10.0.19045-SP0,3.14.6,3.2.8,4,Intel(R) Pentium(R) CPU 3825U @ 1.90GHz,0,,-71.2,46.8,3.897407531738281,machine,0.0,0,55.9,2.177581787109375,N,1.0,0.0
2026-07-07T14:39:54,codecarbon,55be2981-b569-4e46-80ec-42e6037c55d7,5b0fa12a-3dd7-45bb-9766-cc326314d9f1,5.083436100001563,6.355570725506286e-08,1.2502509327311755e-08,2.7916061718750003,0.0,10.0,3.524338817692102e-06,0.0,1.261738750003537e-05,1.6141726317727472e-05,0.0,Canada,CAN,quebec,,,Windows-10-10.0.19045-SP0,3.14.6,3.2.8,4,Intel(R) Pentium(R) CPU 3825U @ 1.90GHz,0,,-71.2,46.8,3.897407531738281,machine,0.0,0,55.9,2.177906036376953,N,1.0,0.0
2026-07-07T14:39:58,codecarbon,cec23fdf-6f06-472e-bcca-13800157ed50,5b0fa12a-3dd7-45bb-9766-cc326314d9f1,1.859864899990498,1.6832838264437893e-08,9.05057042827352e-09,1.500006912,0.0,10.0,5.586181157680936e-07,0.0,3.716545833311911e-06,4.2751639490800045e-06,0.0,Canada,CAN,quebec,,,Windows-10-10.0.19045-SP0,3.14.6,3.2.8,4,Intel(R) Pentium(R) CPU 3825U @ 1.90GHz,0,,-71.2,46.8,3.897407531738281,machine,0.0,0,0.0,0.0,N,1.0,0.0
2026-07-07T14:40:09,codecarbon,a40840b8-e16c-4ebc-9d5c-718bdf551d09,5b0fa12a-3dd7-45bb-9766-cc326314d9f1,9.193854299999655,1.2334512139929256e-07,1.3416040473830128e-08,3.0002784410625005,0.0,10.0,7.231441864489875e-06,0.0,2.4095456666651043e-05,3.132689853114092e-05,0.0,Canada,CAN,quebec,,,Windows-10-10.0.19045-SP0,3.14.6,3.2.8,4,Intel(R) Pentium(R) CPU 3825U @ 1.90GHz,0,,-71.2,46.8,3.897407531738281,machine,0.0,0,55.8,2.1760471888950894,N,1.0,0.0
2026-07-07T14:40:12,codecarbon,b4e43d55-77d5-4db8-bd1f-ea3718ab5458,5b0fa12a-3dd7-45bb-9766-cc326314d9f1,1.8589331999974088,1.6822632961727263e-08,9.049616716593533e-09,1.500006912,0.0,10.0,5.582436973748717e-07,0.0,3.714328333363584e-06,4.272572030738455e-06,0.0,Canada,CAN,quebec,,,Windows-10-10.0.19045-SP0,3.14.6,3.2.8,4,Intel(R) Pentium(R) CPU 3825U @ 1.90GHz,0,,-71.2,46.8,3.897407531738281,machine,0.0,0,0.0,0.0,N,1.0,0.0
2026-07-07T14:40:17,codecarbon,1a8f8040-4042-4410-962f-c5f29ebf2482,5b0fa12a-3dd7-45bb-9766-cc326314d9f1,2.703805099998135,2.7773329779833564e-08,1.0271942226846424e-08,1.63578384375,0.0,10.0,9.927085047642412e-07,0.0,6.061095277780421e-06,7.053803782544663e-06,0.0,Canada,CAN,quebec,,,Windows-10-10.0.19045-SP0,3.14.6,3.2.8,4,Intel(R) Pentium(R) CPU 3825U @ 1.90GHz,0,,-71.2,46.8,3.897407531738281,machine,0.0,0,55.8,2.1763916015625,N,1.0,0.0
2026-07-07T14:40:24,codecarbon,7b083da7-6b33-4137-b365-26b7a8ade533,5b0fa12a-3dd7-45bb-9766-cc326314d9f1,5.15943949999928,6.50243932314807e-08,1.2602995583433e-08,2.8100904258750004,0.0,10.0,3.624324664612997e-06,0.0,1.2890415000017836e-05,1.6514739664630832e-05,0.0,Canada,CAN,quebec,,,Windows-10-10.0.19045-SP0,3.14.6,3.2.8,4,Intel(R) Pentium(R) CPU 3825U @ 1.90GHz,0,,-71.2,46.8,3.897407531738281,machine,0.0,0,55.6,2.165520985921224,N,1.0,0.0
2026-07-07T14:40:27,codecarbon,4cd7f8a2-508b-4cbe-b111-80103df1cda2,5b0fa12a-3dd7-45bb-9766-cc326314d9f1,1.7476805999904172,1.5202884932867315e-08,8.698892081854472e-09,1.5,0.0,10.0,5.045392499960145e-07,0.0,3.356653055541553e-06,3.861192305537568e-06,0.0,Canada,CAN,quebec,,,Windows-10-10.0.19045-SP0,3.14.6,3.2.8,4,Intel(R) Pentium(R) CPU 3825U @ 1.90GHz,0,,-71.2,46.8,3.897407531738281,machine,0.0,0,0.0,0.0,N,1.0,0.0
2026-07-07T14:40:31,codecarbon,31b9867a-4d65-4b64-bae8-f7e43b8304f4,5b0fa12a-3dd7-45bb-9766-cc326314d9f1,2.0677734999917448,1.9484630214982683e-08,9.423000253683717e-09,1.5205318125,0.0,10.0,6.540722178831951e-07,0.0,4.294587499963301e-06,4.948659717846496e-06,0.0,Canada,CAN,quebec,,,Windows-10-10.0.19045-SP0,3.14.6,3.2.8,4,Intel(R) Pentium(R) CPU 3825U @ 1.90GHz,0,,-71.2,46.8,3.897407531738281,machine,0.0,0,0.0,0.0,N,1.0,0.0
2026-07-07T14:40:35,codecarbon,3c51d7d5-cbb4-491f-b36b-8bbb8e09d373,5b0fa12a-3dd7-45bb-9766-cc326314d9f1,1.6207955999998376,1.38281258719715e-08,8.53169016005034e-09,1.5,0.0,10.0,4.589784583367873e-07,0.0,3.05305583335414e-06,3.512034291690927e-06,0.0,Canada,CAN,quebec,,,Windows-10-10.0.19045-SP0,3.14.6,3.2.8,4,Intel(R) Pentium(R) CPU 3825U @ 1.90GHz,0,,-71.2,46.8,3.897407531738281,machine,0.0,0,0.0,0.0,N,1.0,0.0
2026-07-07T14:40:39,codecarbon,16b7171d-b157-4232-8350-8e759c9ed50a,5b0fa12a-3dd7-45bb-9766-cc326314d9f1,1.8848502000037115,1.718675587574121e-08,9.118367006411104e-09,1.514326308,0.0,10.0,5.750052630592496e-07,0.0,3.7900458333347663e-06,4.365051096394016e-06,0.0,Canada,CAN,quebec,,,Windows-10-10.0.19045-SP0,3.14.6,3.2.8,4,Intel(R) Pentium(R) CPU 3825U @ 1.90GHz,0,,-71.2,46.8,3.897407531738281,machine,0.0,0,0.0,0.0,N,1.0,0.0
2026-07-07T14:40:52,codecarbon,9a511ea0-1688-48c4-ac0c-3e1cee4b4b33,5b0fa12a-3dd7-45bb-9766-cc326314d9f1,11.005608999999822,1.492801102871799e-07,1.356400270872628e-08,3.0183027193500003,0.0,10.0,8.792048785520748e-06,0.0,2.912175611110999e-05,3.791380489663074e-05,0.0,Canada,CAN,quebec,,,Windows-10-10.0.19045-SP0,3.14.6,3.2.8,4,Intel(R) Pentium(R) CPU 3825U @ 1.90GHz,0,,-71.2,46.8,3.897407531738281,machine,0.0,0,55.7,2.171261681450738,N,1.0,0.0
2026-07-07T14:40:59,codecarbon,337cb220-1f70-4e6f-90b8-c9328ea7315a,5b0fa12a-3dd7-45bb-9766-cc326314d9f1,5.392607399990084,6.805380549578351e-08,1.2619833124864356e-08,2.7699957228750005,0.0,10.0,3.7507080919003593e-06,0.0,1.353343444441432e-05,1.728414253631468e-05,0.0,Canada,CAN,quebec,,,Windows-10-10.0.19045-SP0,3.14.6,3.2.8,4,Intel(R) Pentium(R) CPU 3825U @ 1.90GHz,0,,-71.2,46.8,3.897407531738281,machine,0.0,0,55.70000000000001,2.170982360839844,N,1.0,0.0
2026-07-07T14:41:03,codecarbon,34b39687-6938-47c3-a26b-564a1321e5ec,5b0fa12a-3dd7-45bb-9766-cc326314d9f1,2.698969999997644,2.7703421031471733e-08,1.0264442002503145e-08,1.631361426,0.0,10.0,9.878121371820102e-07,0.0,6.04823638887966e-06,7.03604852606167e-06,0.0,Canada,CAN,quebec,,,Windows-10-10.0.19045-SP0,3.14.6,3.2.8,4,Intel(R) Pentium(R) CPU 3825U @ 1.90GHz,0,,-71.2,46.8,3.897407531738281,machine,0.0,0,55.6,2.167705535888672,N,1.0,0.0
2026-07-07T14:41:18,codecarbon,99f99b30-ed0a-4626-b7c9-d1ab5c72a569,5b0fa12a-3dd7-45bb-9766-cc326314d9f1,12.319750199996632,1.6926185105942737e-07,1.3739065184899092e-08,3.1186541457272727,0.0,10.0,1.0222237063292878e-05,0.0,3.276648249997784e-05,4.298871956327071e-05,0.0,Canada,CAN,quebec,,,Windows-10-10.0.19045-SP0,3.14.6,3.2.8,4,Intel(R) Pentium(R) CPU 3825U @ 1.90GHz,0,,-71.2,46.8,3.897407531738281,machine,0.0,0,55.6,2.1674266815185548,N,1.0,0.0
2026-07-07T14:41:43,codecarbon,be72d81b-3702-4aab-8e59-8aa5a2119a52,5b0fa12a-3dd7-45bb-9766-cc326314d9f1,24.02392110000073,3.340618956364402e-07,1.3905385979494828e-08,3.2176432873500005,0.0,10.0,2.102406325739333e-05,0.0,6.382017694441957e-05,8.48442402018129e-05,0.0,Canada,CAN,quebec,,,Windows-10-10.0.19045-SP0,3.14.6,3.2.8,4,Intel(R) Pentium(R) CPU 3825U @ 1.90GHz,0,,-71.2,46.8,3.897407531738281,machine,0.0,0,54.04545454545455,2.1054704839533027,N,1.0,0.0
2026-07-07T14:41:47,codecarbon,d9b55ec6-d24d-425b-82ad-1ab3c51c34bf,5b0fa12a-3dd7-45bb-9766-cc326314d9f1,1.926793200007524,1.7680165196059613e-08,9.17595370172086e-09,1.5,0.0,10.0,5.866321250020216e-07,0.0,3.903733888889999e-06,4.490366013892021e-06,0.0,Canada,CAN,quebec,,,Windows-10-10.0.19045-SP0,3.14.6,3.2.8,4,Intel(R) Pentium(R) CPU 3825U @ 1.90GHz,0,,-71.2,46.8,3.897407531738281,machine,0.0,0,0.0,0.0,N,1.0,0.0
2026-07-07T14:41:52,codecarbon,bd597aa5-1cbb-4cee-9996-9a0bd6a0fb85,5b0fa12a-3dd7-45bb-9766-cc326314d9f1,2.787923600000795,2.9294740651678164e-08,1.0507727203022994e-08,1.81947403725,0.0,10.0,1.1464597387794012e-06,0.0,6.293748333337135e-06,7.440208072116536e-06,0.0,Canada,CAN,quebec,,,Windows-10-10.0.19045-SP0,3.14.6,3.2.8,4,Intel(R) Pentium(R) CPU 3825U @ 1.90GHz,0,,-71.2,46.8,3.897407531738281,machine,0.0,0,53.9,2.098865509033203,N,1.0,0.0
2026-07-07T14:41:58,codecarbon,72ad1378-0de2-4893-91e7-c5d9dc028f9e,5b0fa12a-3dd7-45bb-9766-cc326314d9f1,3.994826599999216,4.7692688434027394e-08,1.1938612913520897e-08,2.5635054930000005,0.0,10.0,2.4730781215716225e-06,0.0,9.63979666667001e-06,1.2112874788241632e-05,0.0,Canada,CAN,quebec,,,Windows-10-10.0.19045-SP0,3.14.6,3.2.8,4,Intel(R) Pentium(R) CPU 3825U @ 1.90GHz,0,,-71.2,46.8,3.897407531738281,machine,0.0,0,53.9,2.099536895751953,N,1.0,0.0
2026-07-07T14:42:01,codecarbon,41385dee-d668-47b6-919b-d5e4f4c77b41,5b0fa12a-3dd7-45bb-9766-cc326314d9f1,1.671612100006314,1.4469227666890273e-08,8.655852435403894e-09,1.5001642545000002,0.0,10.0,4.802389568497375e-07,0.0,3.1946208333263507e-06,3.674859790176088e-06,0.0,Canada,CAN,quebec,,,Windows-10-10.0.19045-SP0,3.14.6,3.2.8,4,Intel(R) Pentium(R) CPU 3825U @ 1.90GHz,0,,-71.2,46.8,3.897407531738281,machine,0.0,0,0.0,0.0,N,1.0,0.0
2026-07-07T14:42:05,codecarbon,c1aed804-f217-45c2-9e4f-e05c29007c59,5b0fa12a-3dd7-45bb-9766-cc326314d9f1,1.880299299999024,1.7121590069143122e-08,9.105779100780397e-09,1.511943936,0.0,10.0,5.721329408858916e-07,0.0,3.7763675000153146e-06,4.348500440901207e-06,0.0,Canada,CAN,quebec,,,Windows-10-10.0.19045-SP0,3.14.6,3.2.8,4,Intel(R) Pentium(R) CPU 3825U @ 1.90GHz,0,,-71.2,46.8,3.897407531738281,machine,0.0,0,0.0,0.0,N,1.0,0.0
2026-07-07T14:42:08,codecarbon,94bd673e-8c0b-47ce-9d7f-54c62158a6aa,5b0fa12a-3dd7-45bb-9766-cc326314d9f1,1.6207629999989877,1.382137954210073e-08,8.527699325632041e-09,1.5,0.0,10.0,4.587400416676246e-07,0.0,3.0515808333196524e-06,3.510320874987277e-06,0.0,Canada,CAN,quebec,,,Windows-10-10.0.19045-SP0,3.14.6,3.2.8,4,Intel(R) Pentium(R) CPU 3825U @ 1.90GHz,0,,-71.2,46.8,3.897407531738281,machine,0.0,0,0.0,0.0,N,1.0,0.0
2026-07-07T14:42:12,codecarbon,d677c67e-f248-421a-b66e-2a9ce55f0ccc,5b0fa12a-3dd7-45bb-9766-cc326314d9f1,1.8649967000092147,1.6911745216281354e-08,9.06797594665867e-09,1.5115745625,0.0,10.0,5.649853810591383e-07,0.0,3.7302191666741338e-06,4.295204547733272e-06,0.0,Canada,CAN,quebec,,,Windows-10-10.0.19045-SP0,3.14.6,3.2.8,4,Intel(R) Pentium(R) CPU 3825U @ 1.90GHz,0,,-71.2,46.8,3.897407531738281,machine,0.0,0,0.0,0.0,N,1.0,0.0
2026-07-07T14:42:24,codecarbon,c7c6dc1d-afdf-4791-8f85-b536040f2611,5b0fa12a-3dd7-45bb-9766-cc326314d9f1,10.052552100009052,1.3594597881252738e-07,1.3523528896945978e-08,3.0469648485000005,0.0,10.0,8.069907730007676e-06,0.0,2.6457326388885528e-05,3.452723411889321e-05,0.0,Canada,CAN,quebec,,,Windows-10-10.0.19045-SP0,3.14.6,3.2.8,4,Intel(R) Pentium(R) CPU 3825U @ 1.90GHz,0,,-71.2,46.8,3.897407531738281,machine,0.0,0,54.225,2.1119589805603027,N,1.0,0.0
2026-07-07T14:42:32,codecarbon,07427d2e-b628-4d13-a9d7-bd7ef2668f71,5b0fa12a-3dd7-45bb-9766-cc326314d9f1,5.947079899997334,7.592578609548558e-08,1.276690197075032e-08,2.7945331926000003,0.0,10.0,4.213482649563597e-06,0.0,1.5069966666689856e-05,1.928344931625345e-05,0.0,Canada,CAN,quebec,,,Windows-10-10.0.19045-SP0,3.14.6,3.2.8,4,Intel(R) Pentium(R) CPU 3825U @ 1.90GHz,0,,-71.2,46.8,3.897407531738281,machine,0.0,0,54.375,2.1184511184692383,N,1.0,0.0
2026-07-07T14:42:37,codecarbon,16592495-0e69-4281-97e4-e880e855114b,5b0fa12a-3dd7-45bb-9766-cc326314d9f1,2.791880399992806,2.89523275983072e-08,1.0370189066258641e-08,1.7503931062500002,0.0,10.0,1.096352547097664e-06,0.0,6.256890277776013e-06,7.353242824873677e-06,0.0,Canada,CAN,quebec,,,Windows-10-10.0.19045-SP0,3.14.6,3.2.8,4,Intel(R) Pentium(R) CPU 3825U @ 1.90GHz,0,,-71.2,46.8,3.897407531738281,machine,0.0,0,54.3,2.11465835571289,N,1.0,0.0
2026-07-07T14:42:52,codecarbon,b6797653-a34c-47c9-9e6d-7379d989d064,5b0fa12a-3dd7-45bb-9766-cc326314d9f1,13.397253999995884,1.8358332205290813e-07,1.3703056018267966e-08,3.054698122875001,0.0,10.0,1.0911680800765878e-05,0.0,3.5714371666633976e-05,4.6626052467399854e-05,0.0,Canada,CAN,quebec,,,Windows-10-10.0.19045-SP0,3.14.6,3.2.8,4,Intel(R) Pentium(R) CPU 3825U @ 1.90GHz,0,,-71.2,46.8,3.897407531738281,machine,0.0,0,54.2,2.111401297829368,N,1.0,0.0
2026-07-07T14:43:10,codecarbon,0046182c-8f02-461f-a1c6-813a0d5b9397,5b0fa12a-3dd7-45bb-9766-cc326314d9f1,16.117973599990364,2.3161188329019618e-07,1.4369789220298426e-08,3.5775059478,0.0,10.0,1.5501321148048682e-05,0.0,4.332291027777602e-05,5.88242314258247e-05,0.0,Canada,CAN,quebec,,,Windows-10-10.0.19045-SP0,3.14.6,3.2.8,4,Intel(R) Pentium(R) CPU 3825U @ 1.90GHz,0,,-71.2,46.8,3.897407531738281,machine,0.0,0,54.19285714285714,2.1130439213344028,N,1.0,0.0
2026-07-07T14:43:13,codecarbon,05b39187-acab-427d-beb8-f9d49e8d9491,5b0fa12a-3dd7-45bb-9766-cc326314d9f1,1.7548801000084495,1.5511542177594936e-08,8.839089449769389e-09,1.5,0.0,10.0,5.147768333335989e-07,0.0,3.4248075000100974e-06,3.9395843333436965e-06,0.0,Canada,CAN,quebec,,,Windows-10-10.0.19045-SP0,3.14.6,3.2.8,4,Intel(R) Pentium(R) CPU 3825U @ 1.90GHz,0,,-71.2,46.8,3.897407531738281,machine,0.0,0,0.0,0.0,N,1.0,0.0
2026-07-07T14:43:17,codecarbon,de268e6d-9ca2-490c-ae79-39c15cfe9a2b,5b0fa12a-3dd7-45bb-9766-cc326314d9f1,2.1617839000100503,2.065074699218287e-08,9.552641682680153e-09,1.5112128840000003,0.0,10.0,6.895372641645493e-07,0.0,4.555289999997411e-06,5.24482726416196e-06,0.0,Canada,CAN,quebec,,,Windows-10-10.0.19045-SP0,3.14.6,3.2.8,4,Intel(R) Pentium(R) CPU 3825U @ 1.90GHz,0,,-71.2,46.8,3.897407531738281,machine,0.0,0,0.0,0.0,N,1.0,0.0
2026-07-07T14:43:24,codecarbon,57d436d8-bf88-4506-b19f-d1aed9a91fbc,5b0fa12a-3dd7-45bb-9766-cc326314d9f1,4.729334300005576,5.69891765613576e-08,1.205014764155928e-08,2.4408114967500003,0.0,10.0,2.841173467337806e-06,0.0,1.1632801111126256e-05,1.447397457846406e-05,0.0,Canada,CAN,quebec,,,Windows-10-10.0.19045-SP0,3.14.6,3.2.8,4,Intel(R) Pentium(R) CPU 3825U @ 1.90GHz,0,,-71.2,46.8,3.897407531738281,machine,0.0,0,54.63333333333333,2.12917709350586,N,1.0,0.0
2026-07-07T14:43:28,codecarbon,6d6bc570-4ee4-47e8-a7c1-3eb0849338c8,5b0fa12a-3dd7-45bb-9766-cc326314d9f1,1.807916199992178,1.6185775245487193e-08,8.9527242720416e-09,1.500006912,0.0,10.0,5.370802665171082e-07,0.0,3.573744166674765e-06,4.110824433191874e-06,0.0,Canada,CAN,quebec,,,Windows-10-10.0.19045-SP0,3.14.6,3.2.8,4,Intel(R) Pentium(R) CPU 3825U @ 1.90GHz,0,,-71.2,46.8,3.897407531738281,machine,0.0,0,0.0,0.0,N,1.0,0.0
2026-07-07T14:43:32,codecarbon,77d50528-097f-4baf-8b89-250189882a70,5b0fa12a-3dd7-45bb-9766-cc326314d9f1,2.337208099997952,2.2862339089929943e-08,9.781901359125864e-09,1.5112128840000003,0.0,10.0,7.631976840964764e-07,0.0,5.04332444446239e-06,5.806522128558866e-06,0.0,Canada,CAN,quebec,,,Windows-10-10.0.19045-SP0,3.14.6,3.2.8,4,Intel(R) Pentium(R) CPU 3825U @ 1.90GHz,0,,-71.2,46.8,3.897407531738281,machine,0.0,0,0.0,0.0,N,1.0,0.0
2026-07-07T14:43:35,codecarbon,a6309454-8e15-4744-8c01-f9fb2ba02dec,5b0fa12a-3dd7-45bb-9766-cc326314d9f1,1.6209751999995206,1.3820076058930508e-08,8.525778839142385e-09,1.5,0.0,10.0,4.587037083365431e-07,0.0,3.0512861111169007e-06,3.509989819453444e-06,0.0,Canada,CAN,quebec,,,Windows-10-10.0.19045-SP0,3.14.6,3.2.8,4,Intel(R) Pentium(R) CPU 3825U @ 1.90GHz,0,,-71.2,46.8,3.897407531738281,machine,0.0,0,0.0,0.0,N,1.0,0.0
2026-07-07T14:43:39,codecarbon,4633096c-d7b9-42e5-8ad8-9cd97ed63d71,5b0fa12a-3dd7-45bb-9766-cc326314d9f1,1.9407280000014,1.7876499240035662e-08,9.211233743225616e-09,1.5263671875,0.0,10.0,6.026887975272406e-07,0.0,3.937541666649243e-06,4.540230464176484e-06,0.0,Canada,CAN,quebec,,,Windows-10-10.0.19045-SP0,3.14.6,3.2.8,4,Intel(R) Pentium(R) CPU 3825U @ 1.90GHz,0,,-71.2,46.8,3.897407531738281,machine,0.0,0,0.0,0.0,N,1.0,0.0
2026-07-07T14:43:47,codecarbon,12fdd268-5f07-4ca4-bbb4-56bf598fa3c1,5b0fa12a-3dd7-45bb-9766-cc326314d9f1,6.072086100000888,7.82221308718743e-08,1.2882249952263168e-08,2.8774908168000004,0.0,10.0,4.440779463010089e-06,0.0,1.5425889999985682e-05,1.986666946299577e-05,0.0,Canada,CAN,quebec,,,Windows-10-10.0.19045-SP0,3.14.6,3.2.8,4,Intel(R) Pentium(R) CPU 3825U @ 1.90GHz,0,,-71.2,46.8,3.897407531738281,machine,0.0,0,54.85,2.1370582580566406,N,1.0,0.0
2026-07-07T14:43:52,codecarbon,126aa4be-3640-49fa-8609-8d69605ef235,5b0fa12a-3dd7-45bb-9766-cc326314d9f1,3.4216701999976067,3.924422230737593e-08,1.1469317617870764e-08,2.373146682,0.0,10.0,1.9130172059061124e-06,0.0,8.054136388899577e-06,9.967153594805688e-06,0.0,Canada,CAN,quebec,,,Windows-10-10.0.19045-SP0,3.14.6,3.2.8,4,Intel(R) Pentium(R) CPU 3825U @ 1.90GHz,0,,-71.2,46.8,3.897407531738281,machine,0.0,0,54.8,2.13739013671875,N,1.0,0.0
2026-07-07T14:43:56,codecarbon,4b5ef898-99e7-4171-9f5d-b33da0cab0ca,5b0fa12a-3dd7-45bb-9766-cc326314d9f1,2.052712299991981,1.9277219364394323e-08,9.391096533337684e-09,1.511943936,0.0,10.0,6.440161734039276e-07,0.0,4.251965833342789e-06,4.895982006746717e-06,0.0,Canada,CAN,quebec,,,Windows-10-10.0.19045-SP0,3.14.6,3.2.8,4,Intel(R) Pentium(R) CPU 3825U @ 1.90GHz,0,,-71.2,46.8,3.897407531738281,machine,0.0,0,0.0,0.0,N,1.0,0.0
2026-07-07T14:44:03,codecarbon,6a49c10b-f4b1-4d4d-82ae-a05a2e4a850b,5b0fa12a-3dd7-45bb-9766-cc326314d9f1,5.113233299998683,6.444009647210369e-08,1.2602612220357773e-08,2.830933599,0.0,10.0,3.612474706356519e-06,0.0,1.2753866666672469e-05,1.6366341373028985e-05,0.0,Canada,CAN,quebec,,,Windows-10-10.0.19045-SP0,3.14.6,3.2.8,4,Intel(R) Pentium(R) CPU 3825U @ 1.90GHz,0,,-71.2,46.8,3.897407531738281,machine,0.0,0,54.6,2.1286646525065103,N,1.0,0.0
2026-07-07T14:44:13,codecarbon,aa331920-9455-45eb-8133-1cf54a3613e0,5b0fa12a-3dd7-45bb-9766-cc326314d9f1,8.410470399991027,1.1478937887899788e-07,1.3648389854522326e-08,3.3033772615714283,0.0,10.0,7.241088202843179e-06,0.0,2.19128433333228e-05,2.915393153616598e-05,0.0,Canada,CAN,quebec,,,Windows-10-10.0.19045-SP0,3.14.6,3.2.8,4,Intel(R) Pentium(R) CPU 3825U @ 1.90GHz,0,,-71.2,46.8,3.897407531738281,machine,0.0,0,54.31666666666667,2.118531545003256,N,1.0,0.0
2026-07-07T14:44:17,codecarbon,4f65e557-bfd6-41ff-87b9-10f7a343ccee,5b0fa12a-3dd7-45bb-9766-cc326314d9f1,1.943620599995484,1.78812658107645e-08,9.199977511457766e-09,1.500055296,0.0,10.0,5.933374553168446e-07,0.0,3.94810361107779e-06,4.541441066394634e-06,0.0,Canada,CAN,quebec,,,Windows-10-10.0.19045-SP0,3.14.6,3.2.8,4,Intel(R) Pentium(R) CPU 3825U @ 1.90GHz,0,,-71.2,46.8,3.897407531738281,machine,0.0,0,0.0,0.0,N,1.0,0.0
2026-07-07T14:44:22,codecarbon,b07b0143-ee3a-49de-8130-640902545263,5b0fa12a-3dd7-45bb-9766-cc326314d9f1,2.9065011000056984,3.109834604713456e-08,1.0699581722874142e-08,2.014022274,0.0,10.0,1.3252370620777862e-06,0.0,6.573046388883894e-06,7.89828345096168e-06,0.0,Canada,CAN,quebec,,,Windows-10-10.0.19045-SP0,3.14.6,3.2.8,4,Intel(R) Pentium(R) CPU 3825U @ 1.90GHz,0,,-71.2,46.8,3.897407531738281,machine,0.0,0,54.1,2.106842041015625,N,1.0,0.0
2026-07-07T14:44:30,codecarbon,57767a4c-ddf0-4722-9fb1-4a830b74e32c,5b0fa12a-3dd7-45bb-9766-cc326314d9f1,6.386247500005993,8.262510753706471e-08,1.2937974536218206e-08,2.9200551018000005,0.0,10.0,4.744447209415568e-06,0.0,1.624047972222292e-05,2.098492693163849e-05,0.0,Canada,CAN,quebec,,,Windows-10-10.0.19045-SP0,3.14.6,3.2.8,4,Intel(R) Pentium(R) CPU 3825U @ 1.90GHz,0,,-71.2,46.8,3.897407531738281,machine,0.0,0,54.3,2.114788055419922,N,1.0,0.0
2026-07-07T14:44:33,codecarbon,a27f4511-cdb4-4630-ba4c-3eb6e84a8f12,5b0fa12a-3dd7-45bb-9766-cc326314d9f1,1.7610267999989446,1.536799906434463e-08,8.726726398686177e-09,1.5,0.0,10.0,5.099720416668182e-07,0.0,3.393155555548017e-06,3.903127597214836e-06,0.0,Canada,CAN,quebec,,,Windows-10-10.0.19045-SP0,3.14.6,3.2.8,4,Intel(R) Pentium(R) CPU 3825U @ 1.90GHz,0,,-71.2,46.8,3.897407531738281,machine,0.0,0,0.0,0.0,N,1.0,0.0
2026-07-07T14:44:37,codecarbon,d41c9823-2d17-450c-a22a-3b51af3e5f79,5b0fa12a-3dd7-45bb-9766-cc326314d9f1,2.137197100004414,2.0346695936433773e-08,9.520271170306074e-09,1.5135,0.0,10.0,6.802226052068788e-07,0.0,4.487382499994257e-06,5.167605105201136e-06,0.0,Canada,CAN,quebec,,,Windows-10-10.0.19045-SP0,3.14.6,3.2.8,4,Intel(R) Pentium(R) CPU 3825U @ 1.90GHz,0,,-71.2,46.8,3.897407531738281,machine,0.0,0,0.0,0.0,N,1.0,0.0
2026-07-07T14:44:41,codecarbon,b0af165d-f378-40c6-b4e3-ee991bb344cf,5b0fa12a-3dd7-45bb-9766-cc326314d9f1,1.6230031000013696,1.3860754733055264e-08,8.540189931272198e-09,1.5,0.0,10.0,4.60052125005556e-07,0.0,3.060269166679872e-06,3.520321291685428e-06,0.0,Canada,CAN,quebec,,,Windows-10-10.0.19045-SP0,3.14.6,3.2.8,4,Intel(R) Pentium(R) CPU 3825U @ 1.90GHz,0,,-71.2,46.8,3.897407531738281,machine,0.0,0,0.0,0.0,N,1.0,0.0
2026-07-07T14:44:44,codecarbon,6a08849b-e8f6-409b-aeb9-cd9a07e27903,5b0fa12a-3dd7-45bb-9766-cc326314d9f1,1.8854946999927047,1.7177551477601704e-08,9.110368476595644e-09,1.5139090635,0.0,10.0,5.745836631725745e-07,0.0,3.7881297222257777e-06,4.362713385398352e-06,0.0,Canada,CAN,quebec,,,Windows-10-10.0.19045-SP0,3.14.6,3.2.8,4,Intel(R) Pentium(R) CPU 3825U @ 1.90GHz,0,,-71.2,46.8,3.897407531738281,machine,0.0,0,0.0,0.0,N,1.0,0.0
2026-07-07T14:44:53,codecarbon,dfd6f5a5-1a2a-456d-a61d-9d93bf479e25,5b0fa12a-3dd7-45bb-9766-cc326314d9f1,6.141553699999349,7.90058145000574e-08,1.2864141283998832e-08,2.8528652616000003,0.0,10.0,4.455413665102517e-06,0.0,1.561029388891863e-05,2.006570755402115e-05,0.0,Canada,CAN,quebec,,,Windows-10-10.0.19045-SP0,3.14.6,3.2.8,4,Intel(R) Pentium(R) CPU 3825U @ 1.90GHz,0,,-71.2,46.8,3.897407531738281,machine,0.0,0,54.2,2.1126298904418945,N,1.0,0.0
2026-07-07T14:44:59,codecarbon,3eeeaacc-ce5e-4823-8dc1-111b78aa69f1,5b0fa12a-3dd7-45bb-9766-cc326314d9f1,4.775296299994807,5.8014308613930855e-08,1.214883956289664e-08,2.4688580370000004,0.0,10.0,2.918738217639953e-06,0.0,1.1815596944426135e-05,1.4734335162066088e-05,0.0,Canada,CAN,quebec,,,Windows-10-10.0.19045-SP0,3.14.6,3.2.8,4,Intel(R) Pentium(R) CPU 3825U @ 1.90GHz,0,,-71.2,46.8,3.897407531738281,machine,0.0,0,54.20000000000001,2.1128883361816406,N,1.0,0.0
2026-07-07T14:45:04,codecarbon,2a539c63-e894-4e65-b6ea-58150c818e0f,5b0fa12a-3dd7-45bb-9766-cc326314d9f1,2.542716099997051,2.54281576081828e-08,1.000039194631767e-08,1.51104342525,0.0,10.0,8.492234042285271e-07,0.0,5.608959166662923e-06,6.45818257089145e-06,0.0,Canada,CAN,quebec,,,Windows-10-10.0.19045-SP0,3.14.6,3.2.8,4,Intel(R) Pentium(R) CPU 3825U @ 1.90GHz,0,,-71.2,46.8,3.897407531738281,machine,0.0,0,54.2,2.1123199462890625,N,1.0,0.0
2026-07-07T14:45:16,codecarbon,d6eba015-72b4-44e5-945c-5bc7e16bdd37,5b0fa12a-3dd7-45bb-9766-cc326314d9f1,10.092787700006738,1.3609768495223708e-07,1.3484647552048105e-08,3.0012458760000005,0.0,10.0,7.9810274142725e-06,0.0,2.658473666665992e-05,3.456576408093242e-05,0.0,Canada,CAN,quebec,,,Windows-10-10.0.19045-SP0,3.14.6,3.2.8,4,Intel(R) Pentium(R) CPU 3825U @ 1.90GHz,0,,-71.2,46.8,3.897407531738281,machine,0.0,0,54.2,2.112527370452881,N,1.0,0.0
2026-07-07T14:45:25,codecarbon,2ab6b5b4-b674-40e5-812b-05f3c2564b2f,5b0fa12a-3dd7-45bb-9766-cc326314d9f1,7.992336900002556,1.0562812077290017e-07,1.3216174705156182e-08,2.9269713936428574,0.0,10.0,6.075775753979351e-06,0.0,2.0751401388891585e-05,2.682717714287093e-05,0.0,Canada,CAN,quebec,,,Windows-10-10.0.19045-SP0,3.14.6,3.2.8,4,Intel(R) Pentium(R) CPU 3825U @ 1.90GHz,0,,-71.2,46.8,3.897407531738281,machine,0.0,0,54.0,2.104487737019857,N,1.0,0.0
2026-07-07T14:45:29,codecarbon,9dba36b5-4f53-4150-9f4c-17e9558d3564,5b0fa12a-3dd7-45bb-9766-cc326314d9f1,1.7418833000119776,1.535141487032877e-08,8.813113295375879e-09,1.5,0.0,10.0,5.094480833334577e-07,0.0,3.389467500003068e-06,3.898915583336526e-06,0.0,Canada,CAN,quebec,,,Windows-10-10.0.19045-SP0,3.14.6,3.2.8,4,Intel(R) Pentium(R) CPU 3825U @ 1.90GHz,0,,-71.2,46.8,3.897407531738281,machine,0.0,0,0.0,0.0,N,1.0,0.0
2026-07-07T14:45:33,codecarbon,42648381-28a7-47ef-acbd-429af1001b54,5b0fa12a-3dd7-45bb-9766-cc326314d9f1,2.083675299989409,1.9684682761477748e-08,9.447097041260606e-09,1.5205318125,0.0,10.0,6.607624733866462e-07,0.0,4.338706111108574e-06,4.99946858449522e-06,0.0,Canada,CAN,quebec,,,Windows-10-10.0.19045-SP0,3.14.6,3.2.8,4,Intel(R) Pentium(R) CPU 3825U @ 1.90GHz,0,,-71.2,46.8,3.897407531738281,machine,0.0,0,0.0,0.0,N,1.0,0.0
2026-07-07T14:45:36,codecarbon,cbc5c067-1185-4a81-82b5-89d338f7c84e,5b0fa12a-3dd7-45bb-9766-cc326314d9f1,1.6247576999885496,1.3882173827227916e-08,8.544150199950275e-09,1.500006912,0.0,10.0,4.607332063795886e-07,0.0,3.0650280555467662e-06,3.5257612619263548e-06,0.0,Canada,CAN,quebec,,,Windows-10-10.0.19045-SP0,3.14.6,3.2.8,4,Intel(R) Pentium(R) CPU 3825U @ 1.90GHz,0,,-71.2,46.8,3.897407531738281,machine,0.0,0,0.0,0.0,N,1.0,0.0
2026-07-07T14:45:40,codecarbon,f28244e8-e258-4bb7-add7-69245fcba34d,5b0fa12a-3dd7-45bb-9766-cc326314d9f1,1.8962573000026168,1.7338407636743267e-08,9.143488933025776e-09,1.5115745625,0.0,10.0,5.791864141303076e-07,0.0,3.824380833328986e-06,4.403567247459294e-06,0.0,Canada,CAN,quebec,,,Windows-10-10.0.19045-SP0,3.14.6,3.2.8,4,Intel(R) Pentium(R) CPU 3825U @ 1.90GHz,0,,-71.2,46.8,3.897407531738281,machine,0.0,0,0.0,0.0,N,1.0,0.0
2026-07-07T14:45:50,codecarbon,052d76ae-f756-4cb5-8230-f0cac9cc39ea,5b0fa12a-3dd7-45bb-9766-cc326314d9f1,7.768591800006106,1.0143449893451345e-07,1.3056999459597522e-08,2.7967282536428573,0.0,10.0,5.631757778404147e-06,0.0,2.013033333334736e-05,2.5762091111751504e-05,0.0,Canada,CAN,quebec,,,Windows-10-10.0.19045-SP0,3.14.6,3.2.8,4,Intel(R) Pentium(R) CPU 3825U @ 1.90GHz,0,,-71.2,46.8,3.897407531738281,machine,0.0,0,54.29999999999999,2.116787592569987,N,1.0,0.0
2026-07-07T14:45:56,codecarbon,62dcce25-04c0-4ece-bb0b-17255a44fa95,5b0fa12a-3dd7-45bb-9766-cc326314d9f1,4.201783799988334,5.084177005927887e-08,1.2100044285814996e-08,2.6295,0.0,10.0,2.6897965532010434e-06,0.0,1.022287444441948e-05,1.2912670997620522e-05,0.0,Canada,CAN,quebec,,,Windows-10-10.0.19045-SP0,3.14.6,3.2.8,4,Intel(R) Pentium(R) CPU 3825U @ 1.90GHz,0,,-71.2,46.8,3.897407531738281,machine,0.0,0,54.2,2.113718032836914,N,1.0,0.0
2026-07-07T14:46:00,codecarbon,f4844ef0-fc9b-4168-b61b-72bc234ec56a,5b0fa12a-3dd7-45bb-9766-cc326314d9f1,2.271352499999921,2.179991535591968e-08,9.597768446738424e-09,1.5210720960000002,0.0,10.0,7.318805707848469e-07,0.0,4.804809722231261e-06,5.536690293016108e-06,0.0,Canada,CAN,quebec,,,Windows-10-10.0.19045-SP0,3.14.6,3.2.8,4,Intel(R) Pentium(R) CPU 3825U @ 1.90GHz,0,,-71.2,46.8,3.897407531738281,machine,0.0,0,0.0,0.0,N,1.0,0.0
2026-07-07T14:46:10,codecarbon,c38c8514-89e9-476b-b455-4d1c2da4d7b3,5b0fa12a-3dd7-45bb-9766-cc326314d9f1,8.059423499988043,1.0677273504395857e-07,1.3248185188942726e-08,2.983297943142857,0.0,10.0,6.232621867506567e-06,0.0,2.0885261666666746e-05,2.711788353417331e-05,0.0,Canada,CAN,quebec,,,Windows-10-10.0.19045-SP0,3.14.6,3.2.8,4,Intel(R) Pentium(R) CPU 3825U @ 1.90GHz,0,,-71.2,46.8,3.897407531738281,machine,0.0,0,54.20000000000001,2.1111831665039062,N,1.0,0.0
2026-07-07T14:46:25,codecarbon,753b2cb7-1f35-4cb3-91bc-211dcb78b073,5b0fa12a-3dd7-45bb-9766-cc326314d9f1,13.15488460000779,1.8047889386265818e-07,1.3719534556962313e-08,3.0619401956250005,0.0,10.0,1.0746832230490653e-05,0.0,3.5090765000010534e-05,4.583759723050119e-05,0.0,Canada,CAN,quebec,,,Windows-10-10.0.19045-SP0,3.14.6,3.2.8,4,Intel(R) Pentium(R) CPU 3825U @ 1.90GHz,0,,-71.2,46.8,3.897407531738281,machine,0.0,0,54.07272727272727,2.10689960826527,N,1.0,0.0
2026-07-07T14:46:28,codecarbon,cc8ffd04-df5e-4ea8-92db-fbcbf525ec2e,5b0fa12a-3dd7-45bb-9766-cc326314d9f1,1.9330022999929497,1.7773344890111875e-08,9.194683777756861e-09,1.5,0.0,10.0,5.896912916614383e-07,0.0,3.924340277767947e-06,4.5140315694293855e-06,0.0,Canada,CAN,quebec,,,Windows-10-10.0.19045-SP0,3.14.6,3.2.8,4,Intel(R) Pentium(R) CPU 3825U @ 1.90GHz,0,,-71.2,46.8,3.897407531738281,machine,0.0,0,0.0,0.0,N,1.0,0.0
2026-07-07T14:46:33,codecarbon,4314e43e-bc86-4089-8a64-61827daab2c8,5b0fa12a-3dd7-45bb-9766-cc326314d9f1,2.822459200004232,2.992226290589668e-08,1.0601486429228744e-08,1.887812394,0.0,10.0,1.2078724491525189e-06,0.0,6.391712222224063e-06,7.599584671376581e-06,0.0,Canada,CAN,quebec,,,Windows-10-10.0.19045-SP0,3.14.6,3.2.8,4,Intel(R) Pentium(R) CPU 3825U @ 1.90GHz,0,,-71.2,46.8,3.897407531738281,machine,0.0,0,54.2,2.11163330078125,N,1.0,0.0
2026-07-07T14:46:40,codecarbon,7d1fcd42-3a1c-479d-a916-1e3f91b283f9,5b0fa12a-3dd7-45bb-9766-cc326314d9f1,5.364010100005544,6.769290564070338e-08,1.2619831875527864e-08,2.780964169125,0.0,10.0,3.7423506665577135e-06,0.0,1.345013138889044e-05,1.7192482055448155e-05,0.0,Canada,CAN,quebec,,,Windows-10-10.0.19045-SP0,3.14.6,3.2.8,4,Intel(R) Pentium(R) CPU 3825U @ 1.90GHz,0,,-71.2,46.8,3.897407531738281,machine,0.0,0,54.20000000000001,2.111274719238281,N,1.0,0.0
2026-07-07T14:46:44,codecarbon,184750b1-e028-4264-90b0-af104648db9d,5b0fa12a-3dd7-45bb-9766-cc326314d9f1,1.719031000000541,1.5060009354993795e-08,8.760754957292251e-09,1.500006912,0.0,10.0,4.997628862309048e-07,0.0,3.325142222214102e-06,3.824905108445007e-06,0.0,Canada,CAN,quebec,,,Windows-10-10.0.19045-SP0,3.14.6,3.2.8,4,Intel(R) Pentium(R) CPU 3825U @ 1.90GHz,0,,-71.2,46.8,3.897407531738281,machine,0.0,0,0.0,0.0,N,1.0,0.0
2026-07-07T14:46:48,codecarbon,82a3e866-61ec-4a29-94af-d396be6aba97,5b0fa12a-3dd7-45bb-9766-cc326314d9f1,1.9905580000049667,1.850153481233896e-08,9.294647436695034e-09,1.5115745625,0.0,10.0,6.179391130547542e-07,0.0,4.081036388864353e-06,4.698975501919107e-06,0.0,Canada,CAN,quebec,,,Windows-10-10.0.19045-SP0,3.14.6,3.2.8,4,Intel(R) Pentium(R) CPU 3825U @ 1.90GHz,0,,-71.2,46.8,3.897407531738281,machine,0.0,0,0.0,0.0,N,1.0,0.0
2026-07-07T14:46:51,codecarbon,8606dba6-bdca-4626-aadb-2478b4f471a3,5b0fa12a-3dd7-45bb-9766-cc326314d9f1,1.6429835000017192,1.3858687763677153e-08,8.43507421934709e-09,1.500006912,0.0,10.0,4.599388277215168e-07,0.0,3.0598575000314877e-06,3.5197963277530043e-06,0.0,Canada,CAN,quebec,,,Windows-10-10.0.19045-SP0,3.14.6,3.2.8,4,Intel(R) Pentium(R) CPU 3825U @ 1.90GHz,0,,-71.2,46.8,3.897407531738281,machine,0.0,0,0.0,0.0,N,1.0,0.0
2026-07-07T14:46:55,codecarbon,dafc39bb-4fc1-49a7-bf05-5051d712fcc3,5b0fa12a-3dd7-45bb-9766-cc326314d9f1,1.887354200007394,1.7203658141979583e-08,9.115224975742331e-09,1.5174828915,0.0,10.0,5.765716712463942e-07,0.0,3.7927722222472465e-06,4.369343893493641e-06,0.0,Canada,CAN,quebec,,,Windows-10-10.0.19045-SP0,3.14.6,3.2.8,4,Intel(R) Pentium(R) CPU 3825U @ 1.90GHz,0,,-71.2,46.8,3.8974075317382812,machine,0.0,0,0.0,0.0,N,1.0,0.0
