analysis,term,coefficient_accuracy_percentage_points,robust_se_hc3,t_statistic,p_value,ci95_lower_percentage_points,ci95_upper_percentage_points
primary_pool_count,intercept,-16.275618182291396,5.5854431446659785,-2.913934984341285,0.004536003156659355,-27.377291232974397,-5.173945131608395
primary_pool_count,feature_pool_count,1.2044701507579152,0.2259470716856446,5.330762385067195,7.616774850369647e-07,0.7553758798747285,1.6535644216411018
primary_pool_count,feature_depth,0.9701090553818026,0.4675792463047563,2.074747891503957,0.04096418668437304,0.04074467312729313,1.899473437636312
primary_pool_count,log_parameter_count,7.371785046090129,0.669485966676153,11.011112126351776,3.598183002043052e-18,6.041109194316943,8.702460897863315
primary_pool_count,feature_channel_mean,-0.04834493850635346,0.023369509848029383,-2.068718549115403,0.04154062791767771,-0.094794369816974,-0.0018955071957329137
primary_pool_count,feature_channel_std,-0.07807512662979688,0.026580443686766063,-2.9373146494416535,0.004236476492090647,-0.13090663662992502,-0.025243616629668716
primary_pool_count,feature_channel_last_first_ratio,-0.06464159159459834,0.13822765549487237,-0.4676458655337336,0.6412071573654069,-0.3393840244008477,0.21010084121165098
primary_pool_count,feature_pattern_hourglass,1.6914602210333565,1.4472472035781327,1.1687431261580181,0.24569962764740344,-1.185100306305164,4.568020748371877
primary_pool_count,feature_pattern_increasing,0.11440439963381391,1.351136048712122,0.08467274612564892,0.9327161057726663,-2.5711248003399336,2.7999335996075616
primary_pool_count,feature_pattern_inverse_hourglass,2.3352000624550144,1.194241056110969,1.9553841751677539,0.05374745762311038,-0.038483350884825906,4.708883475794854
primary_pool_count,feature_pattern_uniform,0.2800269628660021,1.8061905224377477,0.1550373337625868,0.8771510130684688,-3.3099722776589555,3.8700262033909594
primary_pool_count,feature_growth_pattern_late,0.47932026695857055,1.01084021231432,0.4741800544926543,0.6365594655827027,-1.5298341104006268,2.488474644317768
primary_pool_count,feature_growth_pattern_linear,0.5522676577961343,0.8820206844586999,0.6261391229561283,0.532863043678408,-1.200843959166838,2.3053792747591064
sensitivity_pool_ratio,intercept,-20.08407843840467,5.4248128693847795,-3.702261980639044,0.00037427120256723715,-30.86648142366483,-9.301675453144513
sensitivity_pool_ratio,feature_pool_ratio,6.969888405032108,1.1945139101930828,5.834916065485991,9.023628824067026e-08,4.5956626646589935,9.344114145405223
sensitivity_pool_ratio,feature_depth,1.500938349067116,0.4444720132022336,3.376901817177391,0.0010978360415693955,0.6175020946917896,2.3843746034424425
sensitivity_pool_ratio,log_parameter_count,7.354813822585933,0.6484869918991604,11.341497847237628,7.809984498706858e-19,6.065875706984377,8.643751938187489
sensitivity_pool_ratio,feature_channel_mean,-0.04853108504621417,0.022290527239165504,-2.1772066907840015,0.03217277295808874,-0.0928359215877663,-0.00422624850466205
sensitivity_pool_ratio,feature_channel_std,-0.06378161762921186,0.0268471984860088,-2.3757271233514787,0.019710215948876408,-0.11714333167746852,-0.010419903580955209
sensitivity_pool_ratio,feature_channel_last_first_ratio,-0.09023406169453857,0.12305322921950156,-0.7332929193884025,0.4653511463878136,-0.3348156791674981,0.15434755577842094
sensitivity_pool_ratio,feature_pattern_hourglass,2.355938196854984,1.3966508004215712,1.6868484206244376,0.09521523217811416,-0.4200565005509356,5.1319328942609035
sensitivity_pool_ratio,feature_pattern_increasing,0.4183738153435319,1.25189539683705,0.3341923106359888,0.7390387065948353,-2.0699038430930248,2.906651473780089
sensitivity_pool_ratio,feature_pattern_inverse_hourglass,2.38325862917886,1.2153937586891435,1.9608942469387955,0.0530902514948552,-0.03246807098335003,4.79898532934107
sensitivity_pool_ratio,feature_pattern_uniform,0.7676616655951592,1.6783616453621437,0.45738751699698144,0.6485326915664384,-2.5682638402280964,4.103587171418415
sensitivity_pool_ratio,feature_growth_pattern_late,0.730264459996655,0.954821769119734,0.764817564507246,0.4464498259727222,-1.167547195747256,2.628076115740566
sensitivity_pool_ratio,feature_growth_pattern_linear,0.5637789824944457,0.8428654485492033,0.6688837268924239,0.5053406844210997,-1.1115073633072377,2.239065328296129
