analysis,term,coefficient_log_energy,robust_se_hc3,t_statistic,p_value,ci95_lower_log_energy,ci95_upper_log_energy,percent_change_per_unit,ci95_lower_percent,ci95_upper_percent
primary_pool_count,intercept,-10.99212676821232,0.39230868263789054,-28.019075933525265,3.8973761965019033e-107,-11.762774580796762,-10.221478955627877,-99.99831662838363,-99.99922108169935,-99.99636195478212
primary_pool_count,feature_pool_count,-0.4887662421305604,0.013481340395225576,-36.25501825498429,1.9205419662357664e-146,-0.5152488716161701,-0.46228361264495077,-38.66173067316932,-40.26480878182211,-37.015631702441176
primary_pool_count,feature_depth,0.17138163776562704,0.023935615949926114,7.160109776333376,2.66602697086975e-12,0.12436271901358445,0.21840055651766963,18.694364511573536,13.242654915515107,24.408529430159742
primary_pool_count,log_parameter_count,0.5801671734283396,0.04673695060770853,12.413458000245528,2.7685407634483146e-31,0.4883575083694022,0.6719768384872769,78.63370338762468,62.96373548346321,95.81043531746943
primary_pool_count,feature_channel_mean,0.004928502906153376,0.0016056162074542513,3.069539833536965,0.0022522451609423674,0.001774444194516701,0.00808256161779005,0.49406679535477505,0.17760194522142836,0.8115313699716964
primary_pool_count,feature_channel_std,9.751890201342706e-05,0.0013635000311431544,0.07152101194428834,0.9430097305288491,-0.002580928868741577,0.002775966672768431,0.009752365713611155,-0.2577601135325569,0.2779823235990575
primary_pool_count,feature_channel_last_first_ratio,-0.037915929643900496,0.01072557871988684,-3.5350940619734246,0.000442827986468921,-0.05898516452191721,-0.016846694765883786,-3.7206120086799577,-5.727924523354655,-1.6705582738592462
primary_pool_count,feature_pattern_hourglass,-0.034791317598681364,0.07240340772846127,-0.48052044358410967,0.6310530642255799,-0.17701995096568865,0.10743731576832591,-3.4193057858721287,-16.223692982600756,11.342106461503532
primary_pool_count,feature_pattern_increasing,-0.34664886991147215,0.07744603436464134,-4.4760054243621505,9.292122988975817e-06,-0.49878319580794905,-0.19451454401499524,-29.294644754782606,-39.27308620374224,-17.67657949611686
primary_pool_count,feature_pattern_inverse_hourglass,-0.22037291230928313,0.07414194201730248,-2.972311033582783,0.0030882155628123046,-0.36601670752738613,-0.07472911709118016,-19.778041538207567,-30.650878541049565,-7.2005169776385936
primary_pool_count,feature_pattern_uniform,-0.2588312177582857,0.07645497618981209,-3.3854070808379366,0.0007627086641522347,-0.4090187174732961,-0.10864371804327536,-22.8046695942009,-33.56982018453185,-10.29500367131445
primary_pool_count,feature_growth_pattern_late,-0.059918654954717064,0.052143721192092186,-1.1491058479310061,0.25102388916246854,-0.16234933379286545,0.04251202388343133,-5.81588554212008,-14.985583142598703,4.342860236213597
primary_pool_count,feature_growth_pattern_linear,-0.06593423556615993,0.05405080031464309,-1.2198567862518301,0.2230546339287635,-0.17211116428166795,0.040242693149348086,-6.380756956768185,-15.811441963927974,4.106340249139118
sensitivity_pool_ratio,intercept,-10.05845906765285,0.38956685354089493,-25.81959675528955,3.5321479351188023e-96,-10.82372085466714,-9.293197280638559,-99.99571780213641,-99.99800786961706,-99.99079517149082
sensitivity_pool_ratio,feature_pool_ratio,-2.021598432505506,0.0601423802472315,-33.613542134434645,3.453594367432591e-134,-2.1397416086123973,-1.9034552563986151,-86.75564063510933,-88.23147520520578,-85.09472868987278
sensitivity_pool_ratio,feature_depth,-0.11220915306540363,0.02210677662347917,-5.075780833024228,5.328007214543164e-07,-0.15563551552473823,-0.06878279060606904,-10.614271504308359,-14.412891474945589,-6.647057058054506
sensitivity_pool_ratio,log_parameter_count,0.6115706031042245,0.04560537456553823,13.410055479872295,1.4242123103506773e-35,0.5219837963205816,0.7011574098878675,84.3324257221225,68.53677619172369,101.60847940955442
sensitivity_pool_ratio,feature_channel_mean,0.00469470349414447,0.0016712767452877243,2.80905212579634,0.005149766603352096,0.001411661784950257,0.007977745203338682,0.4705740880252218,0.14126586484706216,0.8009652204807649
sensitivity_pool_ratio,feature_channel_std,-0.0014549971069559575,0.0014782170691058378,-0.9842919131194137,0.32541526504484125,-0.004358794043520043,0.001448799829608128,-0.14539391118540967,-0.4349308287919462,0.14498498471084975
sensitivity_pool_ratio,feature_channel_last_first_ratio,-0.04337115000813435,0.01261791168198105,-3.437268472093549,0.0006331621827372554,-0.06815766753234068,-0.018584632483928023,-4.2444072784084135,-6.588681735441481,-1.8413003069435052
sensitivity_pool_ratio,feature_pattern_hourglass,-0.08353962059474246,0.07617294997878712,-1.0967097981370924,0.27325983057664327,-0.23317311043886121,0.0660938692493763,-8.01453592387067,-20.79835446598073,6.832699551255028
sensitivity_pool_ratio,feature_pattern_increasing,-0.42110124766891904,0.08372728572710283,-5.029438659237546,6.717050625112105e-07,-0.5855744098874103,-0.2566280854504278,-34.36763531942544,-44.32140534131547,-22.634410585073073
sensitivity_pool_ratio,feature_pattern_inverse_hourglass,-0.2368242074177329,0.07576860939344664,-3.125624309507471,0.0018702357887148936,-0.3856634140827578,-0.08798500075270804,-21.087000097465758,-32.000063462382954,-8.422538744981079
sensitivity_pool_ratio,feature_pattern_uniform,-0.30733552305780326,0.07883019827356734,-3.898702905595207,0.00010895512494809586,-0.4621888886693831,-0.1524821574462234,-26.45961854282698,-37.009665290100735,-14.142578702370479
sensitivity_pool_ratio,feature_growth_pattern_late,-0.033097426573973916,0.05440726749749694,-0.6083273080291451,0.5432276217441359,-0.13997459636718967,0.07377974321924183,-3.255569978625783,-13.061967946328135,7.656965761341605
sensitivity_pool_ratio,feature_growth_pattern_linear,-0.05790827599531962,0.05622133619952747,-1.030005330890843,0.30347118962151903,-0.16834898679328064,0.05253243480264141,-5.626349324128299,-15.494113116670839,5.393674575450902
