model_id,valid_trials,mean_net_energy_per_inference_j,std_net_energy_per_inference_j,cv_percent,mean_average_latency_ms,mean_throughput_inferences_per_sec,depth,pattern,growth_pattern,channels,pools,parameter_count
0001,3,0.01710337803725,0.0007237104538953,4.231388982451955,1.2274332186666663,814.7103565666666,3,inverse_hourglass,late,66-197-66,1-3,236817
0002,3,0.005262527226963,0.0002577502280161,4.897841225325171,0.412115778,2426.504756,2,decreasing,late,129-26,1,34094
0003,3,0.0028505521154354,7.763102709729589e-05,2.723368103916875,0.236056384,4236.416246666667,3,increasing,late,12-67-232,1-2,150097
0004,3,0.0110708722754785,0.0003751781804138,3.388876423449092,0.8987092736666666,1112.7167756666663,2,decreasing,early,240-85,1,191265
0005,3,0.065585101872519,0.0002596874937649,0.3959550055586172,4.891702368333333,204.43124826666667,4,hourglass,late,160-78-78-160,,285802
0006,3,0.0238733589370154,0.0008541462676244,3.5778219138659666,1.7816946413333334,561.2818838333334,4,increasing,early,55-152-192-223,1-3-4,727587
0007,3,0.0179994964998784,0.000812359119267,4.513232463322007,1.2721835126666667,786.0549898333334,3,decreasing,late,121-45-18,2,59936
0008,3,0.0124008823559509,0.0001096453774128,0.8841739987978189,0.9071978313333332,1102.300594,6,increasing,linear,55-101-125-153-220-239,1-2-4,1116683
0009,3,0.0229500595410083,0.0022540944496728,9.82173682663045,1.7623277816666667,567.4370050333333,6,hourglass,early,206-164-18-18-163-206,1-2-3-4-5,670555
0010,3,0.0072518343018133,0.0002051196170832,2.8285204618092936,0.5781657423333333,1729.6548386666668,2,increasing,linear,51-245,1,116588
0011,3,0.0014857342268949,2.2809343275393457e-05,1.535223653227863,0.121484869,8231.499533333334,6,uniform,linear,21-21-21-21-21-21,1-2-5,20758
0012,3,0.0606554149906456,0.0028653425093095,4.723968189404731,4.467616269,223.8336796,4,decreasing,early,101-97-91-77,,234552
0013,3,0.0062759284846389,0.0002830919143333,4.510757492317754,0.4861633746666666,2056.928816333333,4,uniform,early,71-71-71-71,1-2-4,139028
0014,3,0.0016926240088799,3.5405060237098096e-05,2.091726222206096,0.1442993236666666,6930.049192,2,uniform,late,40-40,1,15970
0015,3,0.0168271504127387,0.0002935918307182,1.744750736262727,1.2357408096666669,809.234139,5,increasing,early,37-86-106-122-135,2-3-4-5,378145
0016,3,0.0475930682275806,0.0007444115232517,1.5641175300825454,3.448114320333333,290.01560133333334,3,decreasing,late,167-103-82,2-3,236514
0017,3,0.01868880569235,0.0009231652709073,4.939669693741946,1.3640683176666666,733.1043455666667,5,increasing,early,83-166-209-223-250,1-2-3-4-5,1363143
0018,3,0.0320988563494843,0.000520647419751,1.6220123673016469,2.202213723,454.08973943333336,3,inverse_hourglass,early,21-250-21,,95579
0019,3,0.0234376073050102,0.0001793367234059,0.7651665166674765,1.6630005516666666,601.3292668333333,2,decreasing,late,181-40,2,70678
0020,3,0.0151591575480639,0.000707380879363,4.666360100290621,1.1200177116666667,892.8487784333333,4,uniform,early,42-42-42-42,4,49360
0021,3,0.0062485330334876,8.594976640084283e-05,1.37551911689053,0.478305646,2090.7185123333334,5,increasing,late,56-66-94-142-208,1-2-3,479224
0022,3,0.0044506308206383,5.328198028561177e-05,1.19717816266704,0.3852647816666666,2595.628442,2,increasing,late,64-150,1,89852
0023,3,0.0176798502192851,0.0001568515851424,0.8871771151734203,1.297706947,770.5917996666667,6,hourglass,early,83-68-20-20-63-83,2-4-5-6,128455
0024,3,0.0079144548217043,0.0002677626690028,3.383210531047061,0.6109128453333333,1636.9037463333334,3,increasing,linear,51-77-103,1,109370
0025,3,0.0510668667646274,0.0012933168367766,2.532594848118872,3.8621951923333335,258.9260781666667,5,decreasing,early,204-188-158-131-62,1-5,878765
0026,3,0.0022405426194103,5.9454323388343926e-05,2.653568063078869,0.1823141439999999,5485.056064333333,2,uniform,early,45-45,1-2,19990
0027,3,0.0067305164641829,0.0002560332045171,3.804064753122918,0.5494093636666667,1820.1479283333333,4,uniform,late,88-88-88-88,1-2-3-4,212706
0028,3,0.0053954816057134,0.0002238359213575,4.148580937066983,0.427272089,2340.433722,4,uniform,early,65-65-65-65,1-2,116750
0029,3,0.0242976219817612,0.0005011600483869,2.0625888770642216,1.732020096,577.3778047000001,6,decreasing,late,149-110-80-58-45-41,1-6,313491
0030,3,0.040298592980743,0.0007531269281772,1.868866559527532,3.133787116,319.10624196666663,6,uniform,linear,76-76-76-76-76-76,4,263198
0031,3,0.0341484522665427,0.0004582863862493,1.342041456732013,2.5540192526666665,391.5410027,3,decreasing,late,96-87-81,3,142267
0032,3,0.041248069146102,0.0005073210549783,1.2299267953159885,3.073280132,325.3883599,6,inverse_hourglass,early,85-120-124-124-104-85,2-4,563525
0033,3,0.0034785238803765,5.640829288334853e-05,1.6216158009311177,0.292451814,3419.375243666667,5,decreasing,linear,60-54-46-38-31,1-2-3-4-5,80019
0034,3,0.2462892181387705,0.0018211936045772,0.739453240519494,18.02814924666667,55.46896133,6,inverse_hourglass,late,81-104-223-223-104-81,,1020472
0035,3,0.0460708435851104,0.0008212034028014,1.782479631145366,3.346301917666666,298.84322146666665,5,hourglass,late,98-64-49-59-98,,166733
0036,3,0.0420195006695903,0.0023124752132452,5.503338155845292,3.125707311,319.9382902,4,increasing,early,17-137-186-224,2-4,628548
0037,3,0.0572356540264239,0.0002775039106864,0.4848444827035972,4.062284414333333,246.1674338333333,3,decreasing,linear,186-107-22,,205871
0038,3,0.0134407090273032,0.0006603689283186,4.913200092176759,0.993611666,1006.4932172,4,increasing,late,29-45-95-177,1,204464
0039,3,0.028094395126626,0.0017382404199403,6.18714306574606,2.1166201303333336,472.45258293333336,5,inverse_hourglass,early,24-71-99-82-24,3,170569
0040,3,0.0186428082928842,0.0004817817443157,2.584276664474604,1.3233583416666663,755.6566455333333,6,increasing,early,82-154-171-207-207-230,1-2-3-5-6,1488937
0041,3,0.0045347371766918,0.0001642979600628,3.623097737776129,0.3948647276831046,2532.51335524121,2,increasing,late,64-159,1-2,95135
0042,3,0.0117028808759882,0.0009280799704489,7.930354758657877,0.9262349941315812,1079.6431780040327,2,increasing,early,90-225,1,187255
0043,3,0.0037164804063671,0.0001182654283624,3.1821889376788017,0.336319642225949,2973.3928630284245,2,increasing,linear,20-56,2,11266
0044,3,0.0007379757878575,5.636516711667132e-06,0.7637807099377919,0.0640170892618381,15620.89408638099,6,uniform,linear,14-14-14-14-14-14,1-2-4-5-6,9432
0045,3,0.0232681890204593,0.0004619462381808,1.9853123841079,1.7797457428501935,561.8845655714612,3,increasing,linear,39-124-196,2-3,265642
0046,3,0.0684641054684376,0.0009395614485772,1.372341670352259,5.136205910022753,194.69668725140136,6,decreasing,late,156-119-91-70-58-54,3-4-6,391905
0047,3,0.0260687614244043,0.0007522373056165,2.88558897513382,1.870317759646388,534.6700257936116,4,decreasing,linear,221-151-94-22,1-2-3,453382
0048,3,0.0024580000987887,6.115024406596347e-05,2.4878047847148634,0.1960658573525817,5100.377089330483,3,uniform,late,33-33-33,1,20932
0049,3,0.0073552927121071,0.000340600470089,4.630685459035895,0.637132555543754,1569.5535924078076,3,decreasing,linear,128-104-71,1-2,190743
0050,3,0.0160858607706468,0.0005483385324598,3.408823066903809,1.1575160830762818,863.9333952164297,2,increasing,early,66-94,2,58728
0051,3,0.0086444451401943,8.441264499721551e-05,0.9764958146905128,0.715728834459959,1397.1806175352528,3,decreasing,late,64-64-64,2,76298
0052,3,0.0045204357131976,0.0002247615599772,4.972121588214298,0.3573212273246012,2798.6033789234184,4,uniform,early,61-61-61-61,1-2-3-4,102978
0053,3,0.0135423922288624,0.0004178658670941,3.085613383753653,1.0543479385300414,948.4587212349036,6,decreasing,late,124-100-72-60-45-44,1-3,261643
0054,3,0.0595322102356336,0.0012529214279305,2.104610971054748,4.470659641173812,223.6825016473637,6,increasing,linear,66-102-133-161-192-221,1,1040372
0055,3,0.0118544009709553,7.223872129974656e-05,0.6093831436673987,0.9659048269821464,1035.3402802653056,2,decreasing,early,80-70,2,53420
0056,3,0.0107200848779876,0.0007134430545829,6.655199680815241,0.8319318882093676,1202.0330400141445,6,hourglass,late,110-104-94-94-94-110,1-2-3-4-5,447738
0057,3,0.0649727426052959,0.0014575654741684,2.2433491580046283,4.682260174284802,213.5733991100068,6,decreasing,late,166-133-107-89-78-74,2-3,532793
0058,3,0.003270308580887,4.8717559794291855e-05,1.4896930546253468,0.2794797246712965,3578.1126576791976,2,increasing,early,22-243,1-2,51413
0059,3,0.0068076816739257,9.05543656838492e-05,1.3301792008090372,0.5213937563226633,1917.950161682925,5,increasing,late,60-71-102-155-229,1-2-3-4-5,569800
0060,3,0.0646934126755835,0.0003709244464426,0.573357365305127,5.107612117567965,195.7880536003973,4,decreasing,early,184-160-129-55,2-3,520631
0061,3,0.0105541661372241,0.0008352374898034,7.913817907959736,0.8249706745258544,1212.1766810142965,4,increasing,late,94-112-148-209,1-2-3-4,527525
0062,3,0.2430152719880613,0.0042971609592046,1.768267864011323,17.60029265905935,56.81759470676754,5,increasing,linear,91-130-169-197-231,,1018995
0063,3,0.0113108031545785,0.0008310228865364,7.347160720412741,0.9073390607220194,1102.1417927731986,5,hourglass,linear,72-68-58-66-72,1-5,159790
0064,3,0.0033804285716678,2.524170622015496e-05,0.7467013630079687,0.2688018239332593,3720.227300895787,4,uniform,late,49-49-49-49,1-2-3-4,66846
0065,3,0.0051601013412294,0.0001985253261808,3.847314481881383,0.4493219851399874,2225.592283126188,2,uniform,late,92-92,1-2,79774
0066,3,0.0120262942940499,0.0004219850949004,3.508853887845288,0.9677133109676812,1033.3744240578962,2,uniform,linear,76-76,2,54958
0067,3,0.0027874141379283,4.160174026035821e-05,1.492485084806134,0.2266355974371907,4412.377673825761,2,uniform,late,53-53,1,27358
0068,3,0.014124774034824,0.0004668748880095,3.305361819300374,1.1366905836428836,879.757376144973,2,decreasing,early,92-66,2,57960
0069,3,0.0489297584241961,0.0011675283644067,2.38613147092374,3.7669982899936,265.4651482447248,4,hourglass,late,192-94-94-192,2,412074
0070,3,0.0036408403049146,1.1767518824608671e-05,0.3232088704556503,0.2363781467815525,4230.530296599137,2,uniform,late,54-54,1-2,28360
0071,3,0.0025422265514363,5.733135799274344e-05,2.2551632135362274,0.2050017069645699,4878.012961443553,5,uniform,late,17-17-17-17-17,2,11128
0072,3,0.0082027971965906,0.0004863282547333,5.928809930050613,0.6497725742472749,1539.0168863088477,3,increasing,late,85-99-125,1-2-3,190974
0073,3,0.0137747143946385,0.00059747489601,4.3374757464492175,1.0285076200898688,972.2933268981526,4,increasing,early,33-68-77-96,2,135983
0074,3,0.0115087070984067,0.0010717306276586,9.31234602197022,0.9876852331760796,1012.4779871972488,4,uniform,linear,44-44-44-44,,54086
0075,3,0.0121472816711671,0.000130989902996,1.078347457003181,0.903137322509236,1107.255949307548,3,decreasing,early,130-111-56,1-2,190191
0076,3,0.0037515609369913,0.0001629328371804,4.343067856739773,0.3462076203008091,2888.468985452975,2,uniform,linear,48-48,,22618
0077,3,0.0114331271967512,0.000678996085978,5.938848350877673,0.8794899097714182,1137.0262170964277,5,uniform,linear,83-83-83-83-83,1-3-4-5,251500
0078,3,0.0312734312659077,0.0004256737394468,1.3611353862244222,2.531372243140292,395.0477446067249,3,hourglass,linear,100-76-100,,140786
0079,3,0.0033568471379174,6.001354114949888e-05,1.7877948766749925,0.2819523574651197,3546.720248337849,6,increasing,linear,16-36-59-74-94-110,1-3-4-5-6,221189
0080,3,0.0103647554558934,0.0002866044763584,2.765183197790753,0.79016674649382,1265.570593708376,3,inverse_hourglass,linear,57-221-57,1-2-3,229200
0081,3,0.0434233141758967,0.0004256117636245,0.9801457389929406,3.11610344878364,320.9138390183476,3,increasing,late,59-86-159,,172229
0082,3,0.0116975655031407,0.0006074331527932,5.192816852619077,0.9076460566165936,1101.759376739399,4,increasing,late,39-56-102-160,2-3,220964
0083,3,0.0046857407077828,0.0001863668770636,3.977319461022113,0.3729535279123562,2681.3168697565766,5,inverse_hourglass,early,19-107-144-107-19,1-2-3-4-5,315047
0084,3,0.0139977203179301,0.0004737803380139,3.384696416651938,1.0840680493973969,922.4590288151144,6,inverse_hourglass,linear,44-68-103-103-68-44,2-3-4-5-6,277477
0085,3,0.1140872105113419,0.0002036036372074,0.1784631566455718,8.584752638972432,116.4863293024856,5,hourglass,linear,136-115-88-117-136,5,473346
0086,3,0.0030557992239946,7.511752309529963e-05,2.45819563358301,0.2525440308331821,3959.722596535511,2,uniform,linear,57-57,1-2,31474
0087,3,0.0045275983572039,0.0002034106860497,4.492683979489119,0.3699112116403431,2703.3734490458487,3,increasing,linear,49-79-107,1-2,113554
0088,3,0.2443805584296242,0.0193849204738812,7.932267852421511,15.127017704258003,66.12190128949254,6,decreasing,linear,248-214-154-119-81-33,3-5,1057879
0089,3,0.0408153720303962,0.005902109059136,14.460505357492634,2.547534825416897,392.8067541752308,4,decreasing,late,203-139-101-88,1,467198
0090,3,0.0694879148250317,0.0009193720944103,1.3230676107138026,5.033952659518035,198.6534162168124,6,inverse_hourglass,linear,58-115-201-201-115-58,2,902643
0091,3,0.0040110504420804,6.063876717078066e-05,1.5117926848940084,0.3267393421114754,3060.546287174672,6,uniform,early,29-29-29-29-29-29,1,39102
0092,3,0.003502803004408,0.0001007233964172,2.875508451102141,0.3013676199005795,3318.2408605280166,5,uniform,linear,52-52-52-52-52,1-2-4,99538
0093,3,0.0014422413691175,1.4370442663952136e-05,0.9963965097427012,0.1204040792071028,8305.45696808726,4,uniform,early,26-26-26-26,1-2-3-4,19328
0094,3,0.0071249067558598,0.0003801439669848,5.335423746734283,0.5517475275429106,1812.44432220133,5,hourglass,linear,89-55-21-55-89,1-3-5,112512
0095,3,0.0045649151139467,0.0001719326532434,3.766393217656221,0.3576246232269396,2796.255828386946,2,decreasing,late,75-68,1-2,48758
0096,3,0.0006569777613802,2.4127434224609184e-06,0.3672488726851045,0.0552632947678389,18095.517712825906,5,uniform,late,13-13-13-13-13,1-2-3-5,6640
0097,3,0.006430607354401,0.0003949154430282,6.141184203355532,0.5232536033945073,1911.153690861556,3,decreasing,late,100-70-60,1-2-3,104340
0098,3,0.0064449773124673,5.830054664990065e-05,0.9045888577004384,0.5173305912678147,1933.0093383841788,3,inverse_hourglass,late,38-47-38,2-3,33687
0099,3,0.0274249045206119,0.0003082522868579,1.1239867275609143,2.037696289992089,490.75296003583446,4,inverse_hourglass,linear,53-136-136-53,2-3,298557
0100,3,0.0056052923144896,0.0002713147459439,4.840331792198692,0.480816759501964,2079.851449466245,6,uniform,late,36-36-36-36-36-36,2-3-4-5-6,59878
0101,3,0.0610890906353715,0.0004106344147446,0.6721894375472653,3.7608170714103424,265.9109137321931,3,increasing,early,54-119-142,,213119
0102,3,0.0093452718426891,0.0013070183919388,13.985878783840684,0.5905417761070624,1693.479659885624,4,inverse_hourglass,linear,34-155-155-34,1-2-3-4,312731
0103,3,0.0849443992348342,0.000690761334781,0.8131923246303246,5.3735458669801766,186.1020165365896,6,increasing,linear,87-107-143-164-176-201,2,1015965
0104,3,0.0118114652550038,0.0009113480386672,7.715791554999378,0.8159368588139582,1225.5915687438232,3,decreasing,linear,106-86-65,1,136133
0105,3,0.0077652869644178,0.0004218845121188,5.432954558563126,0.5614289333354132,1781.1815649084958,3,increasing,linear,96-105-111,1-2-3,199639
0106,3,0.005096189592358,4.887107739403259e-05,0.9589729053117864,0.3624390051651515,2759.1165994867924,2,uniform,late,74-74,1-2,52180
0107,3,0.0377295911222877,0.000770856842236,2.043109451511397,2.333358737534578,428.56845627473785,3,decreasing,linear,110-99-94,2-3,185987
0108,3,0.0212877060848248,0.0006811821809413,3.199885315153557,1.4256130678749523,701.4603464986058,5,hourglass,late,116-50-30-53-116,2-4-5,140009
0109,3,0.062425005151078,0.0009528598943212,1.5264073939845049,3.890565998801569,257.0324204524124,5,decreasing,early,105-100-89-83-55,3,285995
0110,3,0.0021330938014934,1.869961126614326e-05,0.8766427080258337,0.1495101693671713,6688.5393816744645,5,uniform,late,23-23-23-23-23,1-3-5,20020
0111,3,0.0502603421214645,0.0024090509112413,4.793144673427418,3.143691430560359,318.1047465449089,5,decreasing,linear,133-113-92-72-52,2-3-5,326720
0112,3,0.2693138089499891,0.0007800498797431,0.2896434767992248,16.830790946101818,59.414945534210375,6,decreasing,linear,220-203-166-110-84-51,,998572
0113,3,0.0035719747459825,2.970403250698589e-05,0.83158573672432,0.2539427537920781,3937.9032361678833,6,increasing,late,30-32-38-49-64-83,1-3-5,114320
0114,3,0.113712354721056,0.0007481430513892,0.6579259159873228,7.076222165132576,141.31941784314523,6,increasing,late,88-89-103-129-163-200,4-6,760375
0115,3,0.0238494793619163,0.001056119706826,4.428271539178842,1.5182772523895784,658.6509068487608,6,increasing,late,42-48-73-118-168-245,2-4-6,680350
0116,3,0.0410116702199192,3.379291356359438e-05,0.0823982865910719,2.4824628190625946,402.8265191788976,4,uniform,early,67-67-67-67,,123960
0117,3,0.0321834937549113,0.0011586760262922,3.600218283061368,2.153031225821026,464.462273712328,6,decreasing,late,111-87-67-54-48-44,2-3,218130
0118,3,0.0120704080044407,0.0008433951824773,6.987296387719574,0.8025658561268679,1246.0146514647138,3,increasing,linear,30-45-59,3,37589
0119,3,0.0092129069970523,0.0005035691500642,5.465909405417668,0.6404310164382556,1561.449330124262,5,inverse_hourglass,linear,95-96-96-96-95,1-2-3-4-5,334051
0120,3,0.0028117520786756,3.669898065880613e-05,1.305199734255779,0.1999373158365229,5001.590651494261,4,uniform,linear,38-38-38-38,1-2-4,40556
0121,3,0.1480547460794739,0.0008486143939468,0.5731760827791109,8.963590933729472,111.56247036087224,5,hourglass,late,182-105-79-105-182,5,500687
0122,3,0.0030533843817294,4.320263420488333e-05,1.414909778912723,0.2254151745448691,4436.260231082561,3,decreasing,linear,60-47-38,1-2-3,43609
0123,3,0.0272705833440743,0.0002268184787649,0.8317331386101232,1.6765688919846276,596.4589320455043,5,decreasing,linear,119-110-101-92-83,1-4-5,374710
0124,3,0.0264273411787669,0.0006641811345463,2.513234797452944,1.6201427674412188,617.2312198350571,5,uniform,early,50-50-50-50-50,4-5,92110
0125,3,0.2952002713482779,0.00014444904744,0.0489325591674797,19.082714956051507,52.40362869993383,6,inverse_hourglass,early,46-165-224-224-163-46,5,1251204
0126,3,0.0041493501612894,0.0001292390615086,3.114681973923316,0.2823135835698082,3542.669675012754,6,increasing,late,17-18-21-27-36-51,2-5,37680
0127,3,0.0126705110269852,0.0009297018662361,7.337524621194218,0.8171973613533421,1223.6977622719355,6,inverse_hourglass,early,19-162-240-240-174-19,1-2-3-5,1303183
0128,3,0.0341231718457886,0.0016685893107322,4.889900968975173,2.1856446530968565,457.53178362687817,4,decreasing,linear,93-74-43-25,,103257
0129,3,0.0071280980219475,0.0003418469330232,4.795766443876844,0.495635100219099,2017.6177423154832,3,inverse_hourglass,early,66-103-66,1-2,125051
0130,3,0.0060629315876301,3.136104171809521e-05,0.5172587099956587,0.4327876460590258,2310.6121034175817,3,uniform,linear,73-73-73,1-2-3,98852
0131,3,0.0037305872666124,7.837249371918386e-05,2.10080848183318,0.2610304126647763,3831.0403575774335,3,uniform,early,51-51-51,1-2-3,48868
0132,3,0.0439365190528603,0.0009344193891444,2.1267487941415437,2.7386523854099023,365.1443810033448,5,hourglass,late,122-100-87-89-122,2-3-5,360553
0133,3,0.0720539100343796,0.000827332229295,1.1482128157934968,4.3918209858062855,227.69681405849332,6,hourglass,early,135-115-53-53-121-135,3-5-6,430210
0134,3,0.1027604781232096,0.0014510855031639,1.4121046628686178,6.357341071314688,157.2989581558149,3,decreasing,linear,239-152-66,2,424820
0135,3,0.0036547137409273,0.0001038117246488,2.8404885309149708,0.2508510008249843,3986.466787924263,6,increasing,late,26-30-50-72-113-162,1-2-4-5,293683
0136,3,0.1705160256597583,0.0010466501265793,0.613813348352254,11.121045490937767,89.91996407731192,6,hourglass,linear,252-168-73-73-178-252,4-6,1070341
0137,3,0.0475688006099756,0.000700269976808,1.4721203137950116,2.950876190162695,338.8829613264086,2,increasing,linear,77-240,2,171126
0138,3,0.0122324390272776,0.0008450363658549,6.908159231127866,0.8553986505453687,1169.0501182573717,2,decreasing,linear,184-89,1,153525
0139,3,0.0160625650138707,0.0005881604539397,3.66168450326506,0.9809442671212272,1019.4530528821545,2,decreasing,linear,207-73,1-2,142608
0140,3,0.1900215363631838,0.0008922148711423,0.4695335529952965,12.507839417976747,79.9500792540379,4,decreasing,early,248-204-165-56,3,849367
0141,3,0.085707215379176,0.00065952970695,0.7695147999293618,5.290353150485118,189.03085533097396,5,inverse_hourglass,late,87-105-158-105-87,3,466821
0142,3,0.0059557881165394,0.000245065732221,4.114749004258262,0.4103724749085398,2436.81065064911,6,increasing,early,20-92-125-141-159-172,1-2-3-4-5,729567
0143,3,0.0035282411683091,7.872354735561865e-06,0.2231240541681746,0.2630595833717034,3801.446315711769,4,uniform,linear,52-52-52-52,1-2-3,75150
0144,3,0.0339274096265723,0.0003377933861999,0.9956356524649016,2.1626395238214253,462.40084571047856,5,hourglass,early,236-189-68-186-236,1-2-3-5,1035657
0145,3,0.0989323759371485,0.0013338896024384,1.3482842090903722,6.184843513158103,161.6867003659557,4,decreasing,late,157-116-95-87,,343047
0146,3,0.0290588364618222,0.000571958542165,1.9682775080016288,1.9250118242284189,519.4952528445779,5,increasing,linear,84-89-94-100-105,2-3,325478
0147,3,0.002935702643221,2.532942090300644e-05,0.8628060802239462,0.2234412584236921,4475.487174884381,6,uniform,late,64-64-64-64-64-64,1-2-3-4-6,187082
0148,3,0.0083766914302693,0.0003358895851148,4.009812082860697,0.5885747938501711,1699.033583706836,3,increasing,late,57-103-227,1-2,267474
0149,3,0.0058234417526668,0.0002140785210503,3.676151151547679,0.4333418850021187,2307.673370155746,3,inverse_hourglass,early,64-140-64,1-2-3,163926
0150,3,0.0289704924500333,0.0009984450430754,3.446420680620017,1.7137782639473444,583.5079038676927,4,hourglass,linear,209-22-22-209,3-4,95325
0151,3,0.0482402549130023,0.0011494482133203,2.382757336986136,2.9863507572476,334.85692326089946,3,uniform,late,93-93-93,3,159412
0152,3,0.0177481447815309,0.0001605213136502,0.9044399604928272,1.1702585895422497,854.5194522483847,3,uniform,early,72-72-72,2,96202
0153,3,0.0027331526291783,5.630973974590162e-05,2.0602486353947413,0.1925894543280535,5192.4099684321,2,decreasing,linear,49-40,1-2,19462
0154,3,0.2572808343669643,0.0150264658600501,5.840491732321434,16.02117951561829,62.41817596054265,4,decreasing,early,253-217-169-55,,915906
0155,3,0.0299003775234632,0.0009630919341013,3.221002588832303,1.908673513612797,523.9296071392088,4,decreasing,early,143-135-108-79,1,386879
0156,3,0.0055184122164868,0.0001989481659687,3.605170439684169,0.3895014119685955,2567.395708066946,2,uniform,linear,78-78,1,57808
0157,3,0.0581537504302239,0.0009401890330418,1.6167298344239578,3.5453244080905337,282.0637547912271,5,hourglass,late,151-79-65-85-151,3-4-5,324944
0158,3,0.026220133763747,0.0003376941658672,1.2879193100615496,1.6045665048428672,623.2266787029574,3,uniform,linear,83-83-83,2-3,127332
0159,3,0.0101512026793388,0.0004706311722007,4.636210969943723,0.7360844546618516,1358.5579825368368,3,uniform,early,88-88-88,1,142922
0160,3,0.0052053563482368,0.0003100234739187,5.955854953596196,0.369094071371603,2709.356813717004,6,hourglass,late,57-51-47-47-51-57,1-2-5-6,117782
0161,3,0.1063500307215067,0.011780981525072,11.077553476145448,6.931150938282679,144.27619022054486,6,hourglass,linear,191-148-83-83-148-191,2,799858
0162,3,0.0157642124412036,0.0002666692879345,1.691611864082326,0.9768424910842332,1023.706987844064,2,decreasing,early,201-77,1-2,145778
0163,3,0.004699019975642,0.0002013944745522,4.2858824945659935,0.3198419938847511,3126.566860058702,2,uniform,late,35-35,2,12400
0164,3,0.0159139715548912,0.0003847322001295,2.4175750145241763,1.0214736670576938,978.9851730536288,4,increasing,linear,69-94-114-136,1-3,298000
0165,3,0.0092148459044323,0.0001956323086466,2.123012263857675,0.6372673791822008,1569.219151540389,6,increasing,late,41-49-73-119-182-249,1-3-4-5,735561
0166,3,0.0057784355401652,0.0001914768516309,3.313645195139417,0.4025020488188111,2484.4803073370163,2,uniform,early,41-41,2,16738
0167,3,0.0025263840028671,4.934622455046285e-05,1.9532353155522104,0.1826514963606651,5475.012113740748,3,uniform,early,39-39-39,1-2-3,28948
0168,3,0.0115709357106455,0.0011169019017854,9.652649791821377,0.7574294298048595,1320.301593941797,2,decreasing,linear,135-96,1-2,121486
0169,3,0.034590709114467,0.0002902897139042,0.8392129601727863,2.106248163318566,474.781467199582,3,hourglass,early,102-55-102,3,105023
0170,3,0.005073583056919,3.138441655562516e-06,0.061858485814724,0.3620277994466083,2762.314909362984,2,uniform,late,73-73,1-2,50818
0171,3,0.0316556957812223,0.0016348632557229,5.1645153119419325,1.9223953236834264,520.1849695208304,4,decreasing,linear,227-160-97-28,1-2-3-4,497935
0172,3,0.0244030708740314,0.0002997023823791,1.2281338849777717,1.467066847828253,681.6374383238882,6,increasing,early,26-98-131-161-190-201,2-3-4-5-6,950842
0173,3,0.0062718653050196,0.0001877886844881,2.9941440919960858,0.4348649318008788,2299.578695950772,5,increasing,late,53-53-53-54-54,1-3-4-5,104812
0174,3,0.0191409583451695,0.0012427485746208,6.492614174328793,1.2158446607087832,822.481104873355,4,increasing,late,55-61-75-91,2-4,135482
0175,3,0.005944840244639,0.0002475984420552,4.164930122025599,0.4360665408802207,2293.2614798846653,2,uniform,early,84-84,1-2,66790
0176,3,0.0059986233891175,1.0135664331483103e-05,0.1689665057131395,0.4293194010316304,2329.3029997670715,6,uniform,linear,25-25-25-25-25-25,3-4-6,29210
0177,3,0.0024218835975873,3.898037513151957e-05,1.6095065497925338,0.1753472092895691,5703.03629653183,5,uniform,early,34-34-34-34-34,1-2-3-4-5,43054
0178,3,0.021309926619845,0.0008055337307648,3.780086835281364,1.3736740123840314,727.9776009029987,5,decreasing,linear,158-133-108-83-58,1-2-4,447800
0179,3,0.0335963755852347,0.0007807586976886,2.323937282186317,2.002940652994313,499.2695177413255,5,hourglass,linear,243-141-40-145-243,1-2-4-5,738255
0180,3,0.0059940866706845,0.000216649188773,3.614381984708225,0.4192265034737453,2385.3765665270976,3,increasing,linear,57-88-120,1-2-3,143198
0181,3,0.0099718894925336,3.193982654099513e-05,0.3202986411442861,0.6334379803886822,1578.687338949209,2,decreasing,late,107-17,2,19564
0182,3,0.0190555877853553,0.0004496224719377,2.3595308473415777,1.284630398831215,778.4560946262324,3,inverse_hourglass,early,72-216-72,1,282970
0183,3,0.3220275481536853,0.0025929762622241,0.8052032433531517,19.573504820094406,51.089609176968,6,decreasing,linear,222-195-168-141-114-87,,1139371
0184,3,0.0497571804470032,0.0028844840468657,5.797121181209363,3.154584047933631,317.0027879295057,5,decreasing,early,127-112-94-70-13,2-4,294163
0185,3,0.016495786734799,0.0009129650717309,5.534534887050671,1.030197825209029,970.6971984518524,4,inverse_hourglass,early,66-110-110-66,1-3-4,242384
0186,3,0.0013853949102296,5.269801681295442e-06,0.3803826361988039,0.1032912664434962,9681.436483078547,5,decreasing,late,24-19-14-11-10,1-2-4-5,9710
0187,3,0.0024456362455996,4.813861539433068e-05,1.9683473157933924,0.1750480972606648,5712.73909066902,5,increasing,linear,23-40-57-74-91,1-2-3-4-5,129194
0188,3,0.042452857122846,0.0008310055468482,1.957478490655139,2.5938313430725537,385.5359007553928,6,hourglass,linear,113-100-81-81-100-113,2-3-5-6,413028
0189,3,0.009389456713291,5.039341367677588e-05,0.5367021246867493,0.6696886571305063,1493.232103032377,3,increasing,linear,73-113-162,1-2-3,242944
0190,3,0.1160411702665353,0.0061123456061574,5.26739397070709,7.247824092368317,137.97345933990863,6,decreasing,linear,219-176-132-90-56-18,2-3,724130
0191,3,0.0329274330420626,0.0007830304412506,2.378048845321035,2.0067337985633817,498.3260115204444,3,increasing,early,79-105-123,2,194570
0192,3,0.0110085422817143,0.0007846997539197,7.128098651382886,0.7267198166121098,1376.0512890277705,4,hourglass,early,151-48-48-151,1-3-4,157195
0193,3,0.0102616010568798,0.000207017498782,2.017399601042332,0.6655027662157014,1502.634737567225,6,inverse_hourglass,late,41-56-118-118-54-41,1-3-4-6,284681
0194,3,0.0498903051980037,0.0010819238047337,2.168605304056317,3.023914956112907,330.7001564633475,5,decreasing,early,246-219-200-145-74,1-2-3-5,1244912
0195,3,0.105667473714691,0.0008187717289083,0.7748569168210161,6.527812816907153,153.1920534107885,3,hourglass,late,251-80-251,,371319
0196,3,0.0334492590657182,0.000817259771973,2.4432821377818232,2.0578971610052137,485.93560993213424,2,decreasing,late,157-68,2,101238
0197,3,0.0127700962787418,0.0007664940602413,6.002257488984601,0.8678339551062055,1152.314639665581,3,hourglass,early,74-20-74,,29556
0198,3,0.0268670370784468,0.000716884917033,2.6682693552692416,1.6729191440425342,597.7607050278323,5,inverse_hourglass,late,24-50-128-50-24,3-4,137974
0199,3,0.0519344212528298,0.0001853147282693,0.3568244794087084,3.151354093501092,317.323911143773,5,increasing,linear,71-74-74-76-80,4,205008
0200,3,0.0486162957292069,0.0049252795188868,10.130923068101778,3.117068783122307,320.81717557708123,6,uniform,early,70-70-70-70-70-70,4,223520
0201,3,0.0226319089848998,0.0007722930865413,3.412408060922428,1.5263040112192958,655.1893821078372,2,increasing,late,88-98,,81168
0202,3,0.0238598057199407,0.0006451434986684,2.703892505416703,1.4741793905246048,678.3450677194711,4,decreasing,linear,131-109-88-66,1,271712
0203,3,0.0013084977861961,1.333766355515056e-05,1.0193111288268584,0.0945344586820396,10578.201288618642,2,uniform,early,26-26,1-2,7108
0204,3,0.0075368607963586,0.0004221733151228,5.60144769194712,0.5046503029044302,1981.5853655826145,6,increasing,early,23-94-124-155-179-189,1-2-3-4-6,854811
0205,3,0.012387926955724,0.0001390200920919,1.1222224072581033,0.7875531979818335,1269.767182496954,3,hourglass,late,154-63-154,1-2-3,180715
0206,3,0.0338718109922164,0.0007332893625976,2.164895649559772,2.02106810484872,494.7935978625955,2,decreasing,linear,207-45,,90136
0207,3,0.0917215224844393,0.0008637091183266,0.9416646114581948,5.563903552869582,179.7327029392895,5,increasing,early,79-102-106-107-116,4,387429
0208,3,0.0179457867392169,0.0003376629352503,1.8815722049814472,1.097166229387066,911.4456007750166,4,inverse_hourglass,linear,70-95-95-70,1-4,203855
0209,3,0.0140110895992932,0.0009983078884127,7.12512671721918,0.8894811051275651,1124.2581394622316,2,decreasing,early,238-46,1,105712
0210,3,0.0078538982476332,0.0004750889398892,6.049084478939482,0.5467384243615744,1829.0473354041528,2,decreasing,early,98-92,1-2,84910
0211,3,0.0194889197999115,5.885334148287235e-05,0.3019835993328863,1.2431859813185626,804.3854422809649,5,increasing,early,47-88-89-116-118,2-3-4,326737
0212,3,0.0106980277260474,0.0006681138838719,6.2452061350074,0.7153661954075051,1397.893487747258,4,inverse_hourglass,early,73-132-132-73,1-2-3-4,333385
0213,3,0.0635333046413809,0.0035164133539608,5.534755942272448,4.1933983771473695,238.4721062889972,3,hourglass,linear,176-79-176,3,257225
0214,3,0.0273888788200058,0.0003426831869663,1.2511763961510498,1.6314383866059614,612.9612251000867,5,uniform,late,45-45-45-45-45,,74800
0215,3,0.0040426602327629,0.0001068909857595,2.644075425712959,0.2832589270192702,3530.372948151828,4,uniform,late,27-27-27-27,2-3,20800
0216,3,0.0206382275043216,0.0002641743590067,1.280024454384336,1.2729151668098209,785.6297314684917,6,decreasing,late,145-93-65-34-22-17,1-5,210229
0217,3,0.091256564619227,0.000555960338382,0.609227775231116,5.798228201528499,172.46824581935869,5,hourglass,late,126-92-80-92-126,,346324
0218,3,0.0023666274629023,3.943311972446553e-05,1.6662157581872543,0.1668742856236411,5992.697223915436,2,uniform,early,42-42,1-2,17524
0219,3,0.0051345983247525,0.0002283223257952,4.44674171871537,0.367381582800501,2721.9771233272745,4,decreasing,late,92-51-22-14,1-2-3-4,57911
0220,3,0.0677474236181113,0.0004025719189641,0.5942246914560727,4.01904680707371,248.81754756346848,6,inverse_hourglass,early,62-70-70-70-63-62,,204805
0221,3,0.1572978057887669,0.0006029001930592,0.3832858252764829,9.595149996032164,104.24428477329468,6,decreasing,early,148-141-117-106-79-17,6,540140
0222,3,0.0319249695174068,0.0012592930259311,3.944539477929756,1.9676880583114416,508.2132905123627,5,inverse_hourglass,early,86-122-134-113-86,1-4,469033
0223,3,0.3747841952974684,0.0006223467922039,0.1660547056179919,22.87371837112721,43.71834051714092,6,hourglass,early,252-223-76-76-233-252,,1408542
0224,3,0.0299428185361557,0.0003002980076204,1.0029049444956308,1.8179166174534,550.0816799938733,4,hourglass,early,184-87-87-184,1-4,363625
0225,3,0.0177434718046642,0.0005151747628171,2.903460881211186,1.0522074590184556,950.38300397454,6,hourglass,late,106-81-80-80-91-106,1-3-6,350004
0226,3,0.012155447113478,0.0005845831940355,4.80922822976499,0.7808725473137774,1280.619758074513,2,decreasing,linear,82-42,2,33764
0227,3,0.0048420503877875,0.0001618620811324,3.342841733755729,0.3242202261250989,3084.3414077765856,2,uniform,late,69-69,1,45550
0228,3,0.0527401888433064,0.0007981585489967,1.5133782538552445,3.123187715511292,320.18660227628544,3,inverse_hourglass,linear,38-229-38,,158357
0229,3,0.0119196625508045,0.0007935277656612,6.657300592856565,0.7849214262412454,1274.0574691845873,3,increasing,late,93-116-184,1-2,293942
0230,3,0.2804821746242517,0.0036816192917066,1.312603660692062,17.01422086589429,58.77462605990393,5,increasing,early,48-136-174-205-237,,1034499
0231,3,0.115671061475693,0.0005005296605928,0.4327181355537596,6.796690339068752,147.1308017599662,5,hourglass,linear,234-149-57-157-234,2-4-5,810913
0232,3,0.004618082283726,4.587295744491246e-05,0.993333479712294,0.3138302613837737,3186.4400828346206,5,inverse_hourglass,early,30-83-100-79-30,1-2-3-4-5,190982
0233,3,0.0433541060287059,0.0005859820974576,1.3516184535546916,2.732185019063703,366.0110098270058,6,inverse_hourglass,early,64-137-180-180-137-64,2-3-4-5-6,896444
0234,3,0.0131164819920023,7.992550826682166e-05,0.6093517172939773,0.8283616885143507,1207.2030090815813,3,hourglass,linear,127-93-127,1-2-3,217654
0235,3,0.0210706237123093,0.0003235178146424,1.535397428475053,1.2745559051101325,784.588497787729,4,inverse_hourglass,late,91-117-117-91,1-3,318640
0236,3,0.0039008769069214,2.616703221627743e-05,0.6707987163052681,0.2786442052372491,3588.860637002294,3,hourglass,early,99-11-99,1-2,23484
0237,3,0.0612523392066153,0.002989488292028,4.8806108154399634,3.735854849999938,267.67739243320364,2,decreasing,early,241-87,,196418
0238,3,0.1071568469698503,0.0016691095274234,1.5576321762183591,6.435550707506643,155.38739082139296,4,increasing,late,59-78-125-213,4,373001
0239,3,0.0078123849631731,4.5081309833787245e-05,0.5770492627577374,0.5671414053565595,1763.2295535091205,3,increasing,late,84-95-113,1-2-3,172135
0240,3,0.0070017871977245,0.0003884138523833,5.547353003096369,0.4900646162870011,2040.5718712798748,4,increasing,late,96-96-97-98,1-2-3-4,256275
0241,3,0.0786470993722356,0.0006257405048077,0.7956307477357532,4.651785340878645,214.9715983771221,6,hourglass,linear,205-118-17-17-141-205,2-5,528381
0242,3,0.0060405838640495,0.0001504798475683,2.491147394938729,0.4014221625250874,2491.1431030906483,4,hourglass,early,27-19-19-27,,13584
0243,3,0.01990528006155,0.0005044955856381,2.5344812234651,1.1911045523917372,839.5971671650483,5,hourglass,linear,187-103-14-103-187,1-2-3-4-5,380177
0244,3,0.0069483506661791,0.0004234949279474,6.094898606785012,0.486328241782048,2056.2278875218194,6,hourglass,late,120-50-9-9-50-120,1-2-3-6,121637
0245,3,0.0057871437984631,0.000211074792364,3.647305125199429,0.4152485659059863,2408.2591757664736,3,decreasing,early,88-65-9,1-2,59383
0246,3,0.0070151266430241,0.0003281551035843,4.677821517458629,0.4665717993880777,2143.2929179787643,4,decreasing,early,78-73-65-57,1-2-3-4,130255
0247,3,0.0335910329635745,0.0004093547920486,1.2186430601658602,2.02289124851789,494.34456631642905,6,increasing,early,55-109-131-148-162-175,2-3-4-5-6,831917
0248,3,0.017205567203398,0.0006451105842005,3.749429336297321,1.0430364485324843,958.7527055203972,3,increasing,early,11-59-88,3,53914
0249,3,0.1194754956359734,0.0002649438747748,0.2217558281424231,7.293747504021532,137.10413079473042,5,inverse_hourglass,early,88-106-118-114-88,,411660
0250,3,0.0711959911484862,0.0010898206175432,1.530733121293716,4.353317236356284,229.7107055062472,4,decreasing,late,126-97-80-74,4,237647
0251,3,0.0954292676637769,0.0044246776304782,4.6366044074314505,5.882440854651374,169.99780042953472,4,decreasing,late,250-136-52-25,2-3,388821
0252,3,0.0084638876745593,0.0001219124728763,1.440383870437578,0.5942190969986565,1682.9083384214723,2,increasing,linear,40-72,2,27842
0253,3,0.0197130454984071,0.0011736717906529,5.953782183213787,1.207954672247317,827.846157005496,3,hourglass,late,121-21-121,,50488
0254,3,0.0161634066673681,4.892487534461022e-05,0.3026891320094254,0.9641354841058024,1037.1996615993537,2,decreasing,early,178-93,1-2,155003
0255,3,0.0877825763826037,0.0051849792277594,5.906615459952404,5.428337532293835,184.21956502477423,5,increasing,early,82-159-191-215-236,2-4,1222375
0256,3,0.031720525065197,0.0005502683403877,1.7347390664460356,1.882267474424514,531.2750678555581,6,hourglass,linear,70-48-22-22-49-70,6,87553
0257,3,0.1032475394890706,0.0054257215920753,5.255061398000403,7.112304261288442,140.60259841453606,5,inverse_hourglass,linear,76-112-160-112-76,,479134
0258,3,0.0466876778166348,0.0029272931794369,6.269948124072131,3.0395767448812534,328.9942759824413,5,increasing,late,88-89-106-132-157,2,472366
0259,3,0.001187770444355,2.4740234520558867e-05,2.082913801916788,0.0838614693047935,11924.428600662675,2,uniform,early,23-23,1-2,5668
0260,3,0.0236496012970089,0.0008363035025811,3.536226645338656,1.4239794197666014,702.2624814726378,6,inverse_hourglass,linear,35-67-109-109-67-35,2-4-5-6,282320
0261,3,0.0029746866787546,2.016961631889343e-05,0.6780417064743601,0.2192432065691946,4561.145354601807,2,uniform,early,60-60,1,34750
0262,3,0.0497024768754694,0.0008278922867113,1.66569623639804,3.253053529905507,307.40398263565413,6,increasing,linear,60-68-76-84-92-100,4,296150
0263,3,0.081938577687994,0.0037978636915659,4.635012955713565,4.984740802633538,200.61335360787305,6,decreasing,late,83-83-83-82-82-82,5,309854
0264,3,0.0252829146216077,0.0011658957245552,4.61139762564726,1.5937343996513451,627.4613643686769,3,inverse_hourglass,early,54-140-54,2,138336
0265,3,0.004177041305562,0.0001312920719708,3.1431834728571384,0.3025215954252168,3305.5686424935943,2,increasing,linear,40-137,1-2,51957
0266,3,0.0712918451844154,0.000342711140605,0.4807157673062703,4.340303813594595,230.40167032601707,6,increasing,early,64-121-145-163-178-192,2-5,1013547
0267,3,0.0027725979844005,5.335249677521972e-05,1.924278134637505,0.1958446135077645,5106.089606022114,4,increasing,late,40-42-51-63,1-2-3-4,65231
0268,3,0.0356452672859273,0.0006534234131186,1.8331281061163576,2.041806229422873,489.76345957304494,2,decreasing,linear,235-38,,87378
0269,3,0.0035943794985674,0.0001134294703281,3.155745529189792,0.2645942229927375,3779.4174782380223,2,uniform,late,80-80,1-2,60730
0270,3,0.0023722140210886,2.6284527178235877e-05,1.1080166858710878,0.1632895885668033,6124.091106101892,2,uniform,early,42-42,1-2,17524
0271,3,0.0056146688510562,0.0001987236526916,3.5393655078025694,0.4147158205779788,2411.302998198716,2,decreasing,linear,112-85,1,89761
0272,3,0.0037792444702173,9.981884440267763e-05,2.6412380884409137,0.2758979688493332,3624.5308322908136,3,decreasing,linear,36-24-13,2-3,11769
0273,3,0.0210540784807879,0.0007847141046106,3.727135838914636,1.2962729469149128,771.4437264580268,3,uniform,linear,58-58-58,3,62882
0274,3,0.0047765455154015,0.0001257963323001,2.633625742590572,0.3201130025462895,3123.901889331968,4,uniform,early,58-58-58-58,1-2-3,93216
0275,3,0.0238565948980584,0.0005406051353222,2.2660615969391613,1.5425074233918137,648.3256178785276,5,decreasing,late,112-71-42-25-19,2-4,115624
0276,3,0.023355357623313,0.0006199792974627,2.654548508578339,1.4041525744138994,712.1737050862873,3,decreasing,late,199-121-88,1-2-3,319214
0277,3,0.0549464499742855,0.0003407369500758,0.6201255044416965,3.2691057642263184,305.9014443965749,4,decreasing,late,150-87-52-41,3,182154
0278,3,0.0287034909126435,0.0004608683918632,1.605617913395643,1.7732035928992065,563.9592337931399,5,decreasing,linear,52-50-47-44-42,5,81863
0279,3,0.0209721087938944,0.0011586040597768,5.524499568274949,1.3246869492382047,754.9025144890646,2,uniform,early,85-85,,68350
0280,3,0.1365034115612008,0.006367163724424,4.664472229376722,8.365688396512533,119.5398058162736,4,inverse_hourglass,late,15-213-213-15,4,466852
0281,3,0.0689956193654648,0.0002105110271536,0.3051078156695131,4.221334062861343,236.8925821065789,4,hourglass,late,103-85-85-103,,226812
0282,3,0.0121927488593165,0.0006495612065031,5.32743857843678,0.8102666598554263,1234.1658393266496,4,hourglass,late,75-39-39-75,2-3,69352
0283,3,0.0023644278530794,1.4355575027035611e-05,0.6071479410267909,0.1781573460511444,5613.019330650696,2,uniform,early,24-24,2,6130
0284,3,0.0117513505166767,0.0002098159984293,1.7854628549424978,0.8124468627799781,1230.9188352175763,4,hourglass,late,103-54-54-103,1-4,130495
0285,3,0.0027975319120404,7.862821688108417e-05,2.810628059064205,0.1929963205467093,5181.469875556589,6,uniform,late,27-27-27-27-27-27,1-3-6,33976
0286,3,0.0736394787234863,0.0031427190487579,4.267709526514646,4.576817034304023,218.4966568542124,3,decreasing,early,189-140-37,2,290609
0287,3,0.0066615229956563,4.2652701531519424e-05,0.6402845349228835,0.457710411697158,2184.848639732168,5,uniform,linear,71-71-71-71-71,1-2-3-4-5,184468
0288,3,0.0113059233049569,0.0004794970022202,4.241113169501034,0.7331311102896055,1364.041285087285,5,hourglass,late,131-80-64-88-131,1-2-3-4-5,300191
0289,3,0.0077646560891884,4.889138292804966e-05,0.6296657877240176,0.5230929046707923,1911.7101866384128,3,uniform,early,33-33-33,3,20932
0290,3,0.0113967703366232,0.0009405635219027,8.25289528630955,0.7584420252695363,1318.5014662501592,4,hourglass,late,127-84-84-127,1-2-3-4,260659
0291,3,0.1111042190777789,0.0053786756737414,4.841108392090971,7.050547974028606,141.83330567229132,4,hourglass,early,199-88-88-199,,392859
0292,3,0.0387867200456405,0.0007121384943456,1.836036905177065,2.325769516385787,429.9692735559968,5,hourglass,early,97-94-76-89-97,2-4,288983
0293,3,0.0024708111199119,3.3227574033635064e-05,1.3448042938554792,0.1708926101086666,5851.814935385121,2,uniform,early,43-43,1-2,18328
0294,3,0.0064236329947192,0.0001699470853171,2.645653720517414,0.4276157970246191,2338.563127231267,4,increasing,late,63-70-91-125,1-2-3-4,202705
0295,3,0.0021811285687048,1.0438916045911511e-05,0.47860159165721,0.1532534717142654,6525.163445224484,6,uniform,late,30-30-30-30-30-30,1-2-3-5-6,41800
0296,3,0.0139930404513299,0.0008052336774764,5.754529762685993,0.9334929722598504,1071.248604091373,3,inverse_hourglass,early,66-237-66,1-2-3,284377
0297,3,0.0048051779282051,0.000136031085693,2.8309271316373463,0.3183935690324446,3140.776244812516,2,uniform,early,67-67,1-2,43024
0298,3,0.168352330909091,0.0015474649901293,0.9191823966874386,10.07878006503166,99.2192558911018,4,inverse_hourglass,early,64-199-199-64,,588561
0299,3,0.0010951081390605,1.381187777901333e-05,1.2612341454115736,0.0781089528440495,12802.73165518191,3,uniform,linear,17-17-17,1-2,5892
0300,3,0.0175202813646571,0.0007123506819695,4.065863253809225,1.14247319584537,875.3010827946551,3,inverse_hourglass,late,92-226-92,1-2,378080
0301,3,0.0035875672073782,1.7154069812693e-05,0.4781532671336053,0.2490782377837229,4014.8399491004743,2,uniform,early,30-30,2,9280
0302,3,0.0341976363919715,0.0003610300991625,1.055716526792783,2.048898726765488,488.07345403975086,3,hourglass,late,226-95-226,1,395379
0303,3,0.0147178514260835,0.0014112543752734,9.58872551717938,0.9294681536531304,1075.9114675152232,2,uniform,late,69-69,2,45550
0304,3,0.0287611240336278,0.0007309420042257,2.541423636194243,1.8311739258370767,546.1035280758589,4,decreasing,linear,208-160-87-28,1,453113
0305,3,0.0144737243616538,0.000390436451712,2.697553455878094,0.9259777265135988,1079.9587006517822,6,decreasing,late,116-98-84-70-70-65,1-2,318665
0306,3,0.1304654385362213,0.0002435437991227,0.1866730391245538,7.852724509210472,127.34517523457284,6,inverse_hourglass,early,20-134-205-205-138-20,3,930497
0307,3,0.0164955511825107,0.000353834390343,2.1450292047119945,1.0116972876859798,988.4471104830502,4,inverse_hourglass,late,55-202-202-55,1-2-3-4,569775
0308,3,0.0033146771415418,0.0001240183709676,3.741491725194317,0.2233751767169961,4476.818455874071,5,uniform,late,15-15-15-15-15,5,8740
0309,3,0.0498837560637359,0.0018323048747212,3.6731493762821295,3.050533430030776,327.81608956114945,4,decreasing,linear,239-191-109-52,1-3-4,656798
0310,3,0.043639131549911,0.0003604380788265,0.8259515394212932,2.715561154251305,368.2508602395339,6,decreasing,early,64-61-56-56-51-38,,139694
0311,3,0.0151177761545178,0.000478116854315,3.162613663730744,1.0158881132517978,984.3784978377132,4,uniform,early,62-62-62-62,2-3-4,106340
0312,3,0.0727575945731548,0.0038126889850322,5.240262555957331,4.432782500052902,225.5934691370689,6,decreasing,late,118-94-66-53-42-41,,226698
0313,3,0.0199445233596669,0.0012490568195114,6.262655652314697,1.2441362859569205,803.7726150858373,3,increasing,late,65-76-110,2-3,122816
0314,3,0.0475050467281026,0.0004909658450258,1.0335024988733243,2.890174301266418,346.00120791485534,2,increasing,early,73-250,2,169054
0315,3,0.0193394063373932,0.0005393423493271,2.7888257784018933,1.1516624620916405,868.3111137086695,5,hourglass,late,159-85-57-77-159,1-3-4,321358
0316,3,0.0183574197618314,0.0011089955443356,6.041129737859427,1.1113677729173888,899.7923650558627,3,hourglass,late,223-63-223,1-2-3,261652
0317,3,0.0086741241675587,0.0003690211056977,4.254275112614209,0.5751358578867978,1738.7687609849795,3,inverse_hourglass,late,26-195-26,1,92479
0318,3,0.087167040659101,0.0006076885059608,0.6971539946359065,5.645827959816983,177.12441564489492,5,inverse_hourglass,late,18-72-232-72-18,,325088
0319,3,0.0100923814526522,0.0005443967916526,5.39413610362136,0.6442295997996239,1552.2418944957376,4,uniform,late,62-62-62-62,1-4,106340
0320,3,0.1581609234772597,0.0003316967210053,0.2097210320430352,9.562339271482394,104.5793306603506,5,hourglass,linear,226-140-68-143-226,4,757993
0321,3,0.0219361345813544,0.0002078357854992,0.9474585630774262,1.2725947000645288,785.8152960512997,3,hourglass,early,234-76-234,1-2-3,329324
0322,3,0.0203660716778136,0.000467896491873,2.2974312340400607,1.3472118755537157,742.2753618632495,3,hourglass,late,216-28-216,2-3,117326
0323,3,0.0099174767897701,0.0004484918577371,4.522237533237567,0.6860067410335737,1457.7122980876975,2,increasing,early,92-165,1-2,141021
0324,3,0.0166322670322508,5.009640030082749e-05,0.3012000721470381,1.1049227672257824,905.041011501708,5,uniform,late,92-92-92-92-92,1-4-5,308578
0325,3,0.0437404900861996,0.0012583195077853,2.8767841999610697,2.577386747035561,387.9905118020503,4,decreasing,linear,246-198-141-95,1-2-3-4,818471
0326,3,0.0027480539948921,3.307718336894197e-05,1.203658422666487,0.1901212266304235,5259.802084772975,4,uniform,linear,39-39-39-39,1-2-3-4,42676
0327,3,0.0677339043704123,0.0012120564627954,1.7894383530101952,4.072559005690252,245.54707885817788,6,decreasing,early,130-124-118-113-111-93,2-4,607707
0328,3,0.0108027928219588,0.0004808026376355,4.450725340748864,0.7193486419639509,1390.1522902678355,3,increasing,late,78-114-192,1-2-3,281440
0329,3,0.0232402646472245,0.001162105862933,5.000398577956123,1.446416984751378,691.3656683028227,2,increasing,late,51-170,2,81338
0330,3,0.0742513314484558,0.0004674885421889,0.6296029082164794,4.4992361373226,222.26045046832292,6,hourglass,linear,220-169-92-92-169-220,1,1034392
0331,3,0.065364408588633,0.0007984468399229,1.2215314988130157,3.8455685866682496,260.04093519138434,4,decreasing,linear,145-102-58-15,4,198579
0332,3,0.0064728694678846,0.0002440700866739,3.770662885833738,0.432505530128222,2312.112094307328,2,decreasing,late,94-67,1-2,60061
0333,3,0.0103091577195272,0.0006432245626522,6.239351265660628,0.6641866894061099,1505.6013967427673,4,uniform,late,94-94-94-94,1-2-3-4,242436
0334,3,0.002368151853306,3.2038787736357244e-05,1.3529025890645547,0.1676933268804385,5963.266710055967,3,hourglass,late,61-9-61,1-2-3,12280
0335,3,0.0124671179501381,0.0005309306526906,4.25864786724602,0.794101026165526,1259.288441372813,3,increasing,linear,14-83-147,2-3,122369
0336,3,0.0047887790461222,0.0001230211555437,2.568946162662512,0.3501940867382476,2855.563648029632,4,uniform,early,24-24-24-24,3,16546
0337,3,0.0036543005029011,5.877405979022053e-05,1.6083532195439063,0.2518712248203504,3970.283148850008,5,uniform,linear,35-35-35-35-35,1-3,45580
0338,3,0.0075469509812301,0.0003863126329951,5.118790806458411,0.5075970574011676,1970.067298817254,2,decreasing,late,199-11,1-2,25404
0339,3,0.0437970326144265,0.0018845260876532,4.3028624889817815,2.8176222868997223,354.910390326213,6,decreasing,linear,120-101-75-69-46-25,2,266682
0340,3,0.0520598656895946,0.0006234393342037,1.1975431091600348,3.316057948495782,301.56322825286395,5,hourglass,early,140-125-88-125-140,2-3,518808
0341,3,0.0007630669506792,6.460113041378054e-06,0.8465984584481763,0.054469472331131,18358.927411751665,5,increasing,linear,10-16-21-26-32,1-2-3-4-5,17571
0342,3,0.0097616646599857,0.0005892464676054,6.036331795138015,0.6297670795292474,1587.8928070119275,3,inverse_hourglass,linear,22-109-22,2,44141
0343,3,0.013944845528825,0.0004001079114908,2.8692172363173567,0.8624097042140059,1159.5637294222956,5,decreasing,late,143-89-53-26-18,1-2,177990
0344,3,0.009339139300043,9.357421090395364e-05,1.0019575455258716,0.5833526710049316,1714.2935367250027,5,uniform,linear,83-83-83-83-83,1-2-3-5,251500
0345,3,0.0283733780478141,0.0007294214203093,2.570795127320107,1.755473358995101,569.6487974215745,2,increasing,early,53-206,,102022
0346,3,0.0044497062066134,0.0001343891761419,3.020180881654388,0.3015957163195203,3315.701549020382,5,uniform,early,53-53-53-53-53,1-2-3-4-5,103360
0347,3,0.0640120724122878,0.0003177134259548,0.4963336039310826,3.822861457011679,261.58521897564856,6,increasing,linear,94-110-126-143-159-175,1,840125
0348,3,0.0186577033462647,0.0002534599342491,1.3584733852028348,1.1597162561652858,862.2802362204309,2,uniform,linear,79-79,,59260
0349,3,0.0145460468500427,0.0001026236769582,0.7055090500961985,0.8953549722620078,1116.8757470941875,5,decreasing,early,57-55-55-50-42,2-3,101318
0350,3,0.0136406821121352,0.0007898737621887,5.790573782861389,0.8716179787416601,1147.2939340413022,3,uniform,early,46-46-46,3,39938
0351,3,0.0044512864211857,3.786371611311947e-05,0.8506241236894702,0.3108577398316876,3216.905790659852,5,hourglass,linear,61-50-39-50-61,1-2-3-4-5,92528
0352,3,0.0174823165625709,0.0005762303072705,3.2960752381308738,1.073707099232276,931.3611851713852,4,increasing,late,89-107-168-250,1-2-4,631018
0353,3,0.0222611663838789,0.0008252207538946,3.706996927583423,1.3407188703098107,745.8706998906035,6,inverse_hourglass,early,73-147-190-190-147-73,1-2-4-5-6,1024329
0354,3,0.0076898929763258,0.0001258916053634,1.6371047783240806,0.5564151111197047,1797.2223731452832,3,increasing,linear,56-124-190,1-2-3,278328
0355,3,0.0125653432840256,0.0008439589112423,6.716560719159307,0.8263922542368044,1210.0805538970703,6,increasing,linear,96-123-135-136-186-188,1-2-3-4,968679
0356,3,0.1357737679262482,0.0003058015296995,0.2252287274414388,8.011846855434728,124.81556837528336,5,inverse_hourglass,linear,65-123-173-113-65,4,508466
0357,3,0.0023829370256388,2.106827036878022e-05,0.8841303879246304,0.1631848758569891,6128.019763650799,2,uniform,late,42-42,1-2,17524
0358,3,0.0134207741709876,0.0002063321719701,1.5374088658476834,0.8360002793959899,1196.1736741014115,2,uniform,late,65-65,2,40570
0359,3,0.1289370617330464,0.0010057634007803,0.7800421285097454,7.592816537841403,131.70421500310158,3,increasing,linear,69-158-247,,454169
0360,3,0.3113586809865327,0.001407377484613,0.4520116414142607,18.840181051539265,53.078189195305,6,increasing,linear,75-108-137-171-196-228,6,1125973
0361,3,0.248082343704579,0.0012144810927372,0.4895475730362517,15.363179521679628,65.0923480502796,5,increasing,linear,92-120-162-188-230,,943170
0362,3,0.0036295958502717,1.2706902482531731e-05,0.3500913877664985,0.2556062482235974,3912.356560762032,5,decreasing,early,50-47-38-31-12,1-2-3-4-5,52832
0363,3,0.0152451317907727,0.0001788981897502,1.17347748911253,0.9441336332165112,1059.2042448784582,3,inverse_hourglass,early,73-219-73,1-2,290842
0364,3,0.1285091005914865,0.0009741829922408,0.7580653726132957,7.701775110176634,129.84084726904356,6,increasing,early,93-161-190-212-249-252,2-5-6,1818609
0365,3,0.0050499435126838,0.0001374049009641,2.72091956313989,0.3502558674944272,2855.056145009355,6,uniform,early,56-56-56-56-56-56,1-2-6,143538
0366,3,0.0035500381642877,6.493655208457443e-05,1.8291789856744316,0.242112585987868,4130.310549114567,2,uniform,late,57-57,1,31474
0367,3,0.050802399851247,0.0001783149775375,0.3509971537952053,3.0515286199231366,327.70492901786315,4,inverse_hourglass,late,73-78-78-73,,160261
0368,3,0.0206214381805822,0.0003997076751861,1.9383113422347669,1.2744259689130617,784.6694747827809,3,inverse_hourglass,linear,27-136-27,,67295
0369,3,0.0085665852713381,0.0004293689372958,5.012136384521542,0.5521221460386564,1811.193523054415,5,inverse_hourglass,late,58-62-73-62-58,1-3-4,148665
0370,3,0.0244476750180841,0.0007000556824002,2.863485717485946,1.490451300232697,670.9429527039423,5,increasing,late,20-32-66-125-206,1,333827
0371,3,0.0113600454421689,0.0004604874134392,4.053570170854096,0.7235454133189179,1382.0866783012896,6,decreasing,late,118-83-55-36-24-20,1-2,162879
0372,3,0.042409233204489,0.0022276789989491,5.252816027603542,2.666584563870765,375.0120849133497,5,increasing,early,44-119-157-201-216,1-4-5,894123
0373,3,0.0059675459787517,2.331596245605044e-05,0.390712740866515,0.3917857175038566,2552.416123837517,2,decreasing,early,113-35,1-2,39154
0374,3,0.0041514383115499,2.6580442742431655e-05,0.6402706904852928,0.2874984798341061,3478.2794807220084,5,hourglass,early,42-33-11-33-42,1-5,33207
0375,3,0.0011236541028455,1.9114417132982375e-05,1.7010944101549754,0.0782085440771204,12786.352203358338,5,hourglass,linear,18-13-8-12-18,1-2-3-5,6595
0376,3,0.0301947343359709,0.0030401392040152,10.06844163683716,2.054401678400287,486.7599176685674,3,decreasing,late,116-90-82,2,164630
0377,3,0.0308444642878192,0.0008317077247215,2.696457026974556,1.846170742137305,541.6757453715722,5,increasing,late,41-42-47-54-64,,89215
0378,3,0.1324482777433386,0.0005024058886555,0.379322326583298,7.797097349551852,128.25840576211866,5,hourglass,early,139-117-65-117-139,,435354
0379,3,0.00694115823076,0.0002890051737602,4.163644800365879,0.4569461446941841,2188.5058878609043,2,uniform,early,87-87,1,71524
0380,3,0.0247467586170078,0.0005760633433744,2.327833524745256,1.6411985727858538,609.3123359483709,2,decreasing,early,228-38,2,84788
0381,3,0.0089457368067732,0.0005101503865285,5.702720721028994,0.6214065955324469,1609.2852719973591,5,inverse_hourglass,early,67-72-72-72-67,1-3-4-5,182983
0382,3,0.1643884249935437,0.000481825543957,0.2931018677111546,10.030640673136451,99.69464184136554,6,increasing,late,83-86-96-113-136-166,,582265
0383,3,0.0159129871507229,0.0001587737550887,0.9977621020169816,0.9824949129455044,1017.8185760382572,6,uniform,late,29-29-29-29-29-29,,39102
0384,3,0.0033030123701096,7.304287296430272e-05,2.211401738161744,0.2262150217492276,4420.664562662532,5,inverse_hourglass,late,19-25-43-25-19,1-4-5,28744
0385,3,0.0147075203967286,0.0006080723262649,4.134431296795567,0.9563020493427428,1045.7176686542962,3,decreasing,late,208-97-62,1-2-3,242323
0386,3,0.1103275167562989,0.0067635852100588,6.130460839609768,7.3873521155099615,135.36663076727208,5,decreasing,late,152-121-100-96-90,5,444161
0387,3,0.0234245285168301,0.0003934765714839,1.679763036431115,1.4812465910106631,675.1140026527544,2,increasing,late,39-235,,86172
0388,3,0.0147936904088419,0.0007124090183006,4.815627464225458,0.8823126763565623,1133.427006206049,6,decreasing,linear,86-79-75-67-62-58,1-3-6,232785
0389,3,0.0151345081539666,0.0012245734146829,8.091266674972836,0.9494882152697324,1053.202279989449,5,increasing,early,61-145-180-206-229,1-2-3-4,1077559
0390,3,0.0865768262873374,0.0014407298805164,1.664105676194275,5.093948536325549,196.3121481601627,3,hourglass,late,211-71-211,3,277968
0391,3,0.0075984029228612,0.0002214407926535,2.9143070577013632,0.5080944259318015,1968.1397776058532,2,uniform,early,93-93,1-2,81478
0392,3,0.0213730253356968,0.000899569714444,4.208902110557234,1.348879140768624,741.3698219423522,5,hourglass,early,159-140-93-133-159,1-2-3-4-5,625741
0393,3,0.0455713967101322,0.0005233635190523,1.1484473964696522,2.643912206426944,378.2290777549356,6,decreasing,early,210-195-179-149-137-60,1-2-4-5-6,1187641
0394,3,0.0128339296158243,0.000648579089585,5.053628226115099,0.8108623822285371,1233.2575843657114,5,inverse_hourglass,late,42-46-59-46-42,2,85427
0395,3,0.0199018890167117,0.000716560232855,3.6004634145700565,1.1724934387435495,852.8834185469705,5,increasing,late,86-94-109-149-177,1-3-4-5,553213
0396,3,0.0091506143277504,0.0003731809106971,4.078206089020657,0.6107557381284605,1637.315819949691,4,inverse_hourglass,late,86-88-88-86,1-2-4,209460
0397,3,0.0018191240344491,1.1884696689360838e-05,0.6533197552392194,0.1295438907524269,7719.393074484742,2,uniform,linear,34-34,1,11740
0398,3,0.0287665664879437,0.0006341602446886,2.2045044720734164,1.707989580273038,585.4997984614105,3,uniform,early,87-87-87,2,139732
0399,3,0.0039778849538952,0.0001220642618838,3.068571949630892,0.2739697235998056,3650.038437786325,2,uniform,early,62-62,1,37024
0400,3,0.0015376883011898,1.6080821899522923e-05,1.0457790364327622,0.1080072376031885,9258.648756641947,5,uniform,linear,21-21-21-21-21,1-2-4-5,16768
0401,3,0.0467844441409858,0.0007681369869308,1.6418640875929762,2.743528784133758,364.4950876560392,4,decreasing,early,126-106-87-42,2-3-4,240281
0402,3,0.0019046346886807,2.893205502161649e-05,1.5190343425728792,0.1379631176823304,7248.481480365685,2,decreasing,linear,80-18,1,15408
0403,3,0.1063477145531664,0.0051866228252347,4.877042113248008,6.578012488191303,152.02226876930894,5,increasing,late,71-76-92-119-161,5,386511
0404,3,0.0295344943321081,0.0011214405962402,3.797053654042268,1.770802018171472,564.7262678428089,6,hourglass,linear,222-145-20-20-146-222,1-2-4-5,646397
0405,3,0.0041680161425272,9.035355673673222e-05,2.1677832725942063,0.2779794806724175,3597.4123561630963,6,inverse_hourglass,linear,14-62-133-133-62-14,1-2-3-5,324199
0406,3,0.0033035440169213,3.563292629923871e-05,1.0786272595951734,0.2417734405569029,4136.116506069511,5,uniform,late,64-64-64-64-64,1-2-4-5,150154
0407,3,0.0133928871581249,0.0006509434271355,4.860366696516467,0.8460870829620956,1181.9209517625989,2,uniform,early,66-66,,41788
0408,3,0.0051793143374827,3.087318145256154e-05,0.5960862662675648,0.3553363156926444,2814.2386618305823,6,decreasing,early,18-18-16-15-15-15,,12461
0409,3,0.0846560728367572,0.0008427603793619,0.9955108371103968,5.042522259280839,198.3144818063308,6,decreasing,early,137-134-128-118-100-74,2,633466
0410,3,0.0633380475541639,0.0008046558917584,1.2704147393717824,3.961660353213256,252.42203930671863,6,inverse_hourglass,linear,48-115-216-216-115-48,1,968928
0411,3,0.0103546579770983,0.0004758862489245,4.595866420475054,0.6612528218704945,1512.2837660703467,6,inverse_hourglass,late,85-85-105-105-85-85,1-2-3,393630
0412,3,0.0074722030357022,0.0004101125544235,5.488509245051917,0.5473316859857904,1827.0473070953635,2,increasing,linear,16-177,,27893
0413,3,0.0208625565826892,0.0005879060130877,2.817996014810547,1.3650524069062462,732.5868946019604,4,uniform,early,72-72-72-72,2,142930
0414,3,0.0286182918548991,0.0018097288443447,6.323678762940943,1.917845350513172,521.4365428202912,6,uniform,late,56-56-56-56-56-56,4,143538
0415,3,0.1236412637152972,0.0012025436954414,0.972607088690451,7.454096609674238,134.15808138336584,6,decreasing,linear,150-130-100-72-50-24,,405326
0416,3,0.0075868785376129,4.240923099059352e-05,0.5589812830183609,0.5206782247832126,1920.572515686155,3,hourglass,late,111-53-111,1-2-3,110286
0417,3,0.0632519516853625,0.0011528483608909,1.8226289152715012,3.8719713229701673,258.26751018489244,6,inverse_hourglass,early,51-66-76-76-69-51,,208575
0418,3,0.0810880116913818,0.0014231133730481,1.7550231450544271,5.004074279260504,199.8384116522716,3,hourglass,early,161-96-161,,284593
0419,3,0.0963649658792347,0.0007306795330926,0.758241884305033,5.685425813607607,175.88975592436154,4,inverse_hourglass,linear,89-217-217-89,2-4,775350
0420,3,0.0029374763991797,1.1975032902756952e-05,0.4076639698654471,0.2149685106875037,4651.877923659987,5,uniform,linear,64-64-64-64-64,1-2-3-4-5,150154
0421,3,0.0502291008487975,0.000833344697702,1.6590874286413912,2.9386652138103204,340.29066482679167,6,decreasing,early,242-215-192-173-149-63,1-2-3-4-5,1463418
0422,3,0.0078719281508393,0.0004076800815018,5.178910092800372,0.5353187162606481,1868.0974518577525,3,hourglass,linear,81-54-81,1,81955
0423,3,0.0395558731790648,0.001949072712292,4.927391448215148,2.429074254119379,411.6883027457482,2,increasing,late,85-177,2,139742
0424,3,0.1938116049221024,0.0025597468810785,1.3207397369767526,11.488500769988802,87.04526848790941,5,decreasing,linear,166-154-133-115-92,,653361
0425,3,0.0095049007972551,0.0005370826234624,5.650586312458553,0.6226886555339101,1605.9520301704972,4,uniform,late,90-90-90-90,1-2-3-4,222400
0426,3,0.0024077046333471,1.907508113353753e-05,0.7922517101700964,0.1701261085972113,5878.118826991895,3,inverse_hourglass,early,16-130-16,1-2-3,38204
0427,3,0.0064226629470167,5.127452938603634e-05,0.7983375401919979,0.4325033350943799,2312.132866255171,6,inverse_hourglass,late,47-59-142-142-63-47,1-2-3-6,391247
0428,3,0.0023612604031106,2.125972987909116e-05,0.9003551599427256,0.1641345804354296,6092.948640368457,2,uniform,late,42-42,1-2,17524
0429,3,0.0034423147067496,0.0001876327909963,5.450773882714051,0.2388899988502466,4186.052113561253,2,increasing,linear,44-112,1-2,46826
0430,3,0.1201151617241279,0.0067079109665969,5.58456640303513,7.479440567210973,133.7005228052173,4,increasing,linear,96-118-135-157,4,440755
0431,3,0.0224687780056654,0.0001639578844357,0.7297142924033326,1.390763640203195,719.0340509263862,5,inverse_hourglass,early,92-190-238-191-92,1-2-3-4-5,1135787
0432,3,0.0019921847517429,3.487985894060975e-05,1.7508345503645228,0.1381031620113955,7241.17213224044,4,inverse_hourglass,late,13-55-55-13,1-2-4,40722
0433,3,0.2631362711518921,0.0013472754886618,0.5120067570936215,15.495260010673944,64.53767756173542,5,decreasing,early,235-213-188-167-71,3,1208107
0434,3,0.0914259858802258,0.0006624246308814,0.7245474298185131,5.414305485267227,184.6964948951574,5,inverse_hourglass,late,93-98-106-104-93,4,365727
0435,3,0.0138114917683642,0.0010225778875188,7.403819259126858,0.8580856582253061,1165.4015878567652,3,uniform,late,58-58-58,2-3,62882
0436,3,0.0166470650231932,0.0008644117499145,5.192577482638754,0.9945730938511436,1005.4610749352954,4,uniform,linear,81-81-81-81,1,180478
0437,3,0.0153780299117121,0.0002832632059495,1.8419993170507496,0.971224275258062,1029.6499134801822,2,uniform,late,71-71,2,48148
0438,3,0.0045943249273785,0.0001798593451004,3.9148155157386073,0.3283762537107152,3045.3268172121348,2,uniform,linear,76-76,1-2,54958
0439,3,0.0047401120439244,5.7107371813583794e-05,1.2047683954386597,0.3557808802948732,2810.724662779764,2,uniform,linear,96-96,1-2,86698
0440,3,0.007527387548733,0.0001853456128083,2.462283383290152,0.4875436241087704,2051.100370277563,3,inverse_hourglass,early,78-82-78,1-2-3,118262
0441,3,0.0053566502080445,0.0003818117152515,7.127807499510857,0.7295029680868276,1370.8004565651208,4,decreasing,late,112-84-83-76,1-2-3,208341
0442,3,0.0520195541476238,0.0097734785172215,18.788085898402365,6.298090122020832,158.78300568093692,4,decreasing,late,127-101-86-81,,260955
0443,3,0.0767041700456054,0.000258345501348,0.3368076353534187,10.36665301412765,96.4631656327844,6,decreasing,late,117-111-98-95-90-88,6,451453
0444,3,0.0079726446221855,0.0006957735524921,8.727010740652307,1.0795445731334736,926.3180041651632,6,increasing,linear,85-100-115-129-144-159,1-2-3-4-5,691390
0445,3,0.0020938486001885,0.0001747138183272,8.344147628987855,0.2750065615517838,3636.299141501541,3,hourglass,late,61-29-61,1-2-3,34260
0446,3,0.0155875657054032,0.0001667079828921,1.0694933772393131,1.621064834979487,616.8791303262998,2,decreasing,early,109-65,2,67542
0447,3,0.0347548513724149,0.0049538158453108,14.25359525272684,4.36412862833774,229.14759703211843,3,decreasing,late,175-77-45,3,157942
0448,3,0.0061399833019476,0.0002381331241313,3.878400191346184,1.0460222346863453,956.0029558155142,2,decreasing,late,219-16,1,37854
0449,3,0.0124469289943631,0.0001837545548112,1.4763043550296804,1.623300359691065,616.029711001452,4,inverse_hourglass,linear,26-65-65-26,,69599
0450,3,0.0066404727672456,0.0001171569020187,1.7642855580493042,0.9829991546328228,1017.2952446678318,6,increasing,late,48-55-77-124-185-251,1-3-4-5-6,776738
0451,3,0.0686149998114701,0.0069484918001467,10.126782510003364,10.66633219774066,93.75416208808268,6,inverse_hourglass,late,41-63-180-180-63-41,5-6,544309
0452,3,0.0016209729680345,9.582097176183958e-05,5.911324473104799,0.2477587359940336,4036.1904222851313,4,uniform,late,64-64-64-64,1-2-3-4,113226
0453,3,0.0033171360142226,9.464806715220709e-05,2.853306790749325,0.5364938320984676,1863.9580649848972,3,decreasing,linear,88-50-13,1-3,48117
0454,3,0.0116307390816823,0.0005434027361745,4.672125583406795,1.7359190624815075,576.0639464201114,4,hourglass,late,155-83-83-155,1-3,299792
0455,3,0.0360836416746491,0.0007042075852839,1.951597878156229,5.422115205308505,184.43030226652976,6,inverse_hourglass,linear,9-50-113-113-51-9,,226507
0456,3,0.0172709636484997,0.0029525834043996,17.095649463983893,2.567483712997792,389.4870775704931,2,increasing,linear,61-167,2,95238
0457,3,0.0946686588653653,0.0154267466025328,16.29551615859714,12.400551704868672,80.64164011763047,6,hourglass,linear,151-117-73-73-115-151,,521950
0458,3,0.0046951183783658,0.0012723583048494,27.099600101931493,0.9548747269233052,1047.2579849821643,2,uniform,late,80-80,2,60730
0459,3,0.0034669404713128,0.0005531775057198,15.95578321281032,0.5655894277042288,1768.0677746736508,2,increasing,linear,43-246,1-2,99122
0460,3,0.0145283629539609,0.0007833483711712,5.391855735250916,2.67049591115166,374.463035675262,3,hourglass,linear,123-71-123,2,162072
0461,3,0.0006183078633888,6.116025861118541e-05,9.891554391039373,0.1039761441110868,9617.62058723526,4,uniform,late,14-14-14-14,2-4,5876
0462,3,0.0040137728259298,0.0004246767814625,10.580488729183928,0.6938570211667612,1441.2249081030154,3,inverse_hourglass,linear,51-161-51,1-2,149958
0463,3,0.009159391379672,0.0015330543548184,16.737513348548926,1.486112871190858,673.0237450962775,6,increasing,late,87-92-105-128-159-200,1-2-5-6,754434
0464,3,0.0040075038617961,0.0003616418690637,9.024117793404852,0.6429367012361874,1555.3640843475114,2,uniform,late,89-89,1-2,74770
0465,3,0.0044215628933821,0.000110982508062,2.510028936332982,0.7767474361487942,1287.41998572417,3,uniform,early,85-85-85,1-2-3,133460
0466,3,0.0587929187672077,0.0008092026835616,1.3763607940025526,10.691398390332546,93.53322597897028,5,hourglass,early,192-155-64-155-192,4-5,722112
0467,3,0.0008477312921346,9.193805205807457e-05,10.845187963578049,0.1287397864216322,7767.632126128697,5,uniform,linear,26-26-26-26-26,1-2-3-4-5,25438
0468,3,0.0220911425860588,0.0002652731041336,1.2008120589519566,3.72508503073268,268.45087841253576,5,decreasing,late,253-180-134-101-90,1-2-3-4-5,839055
0469,3,0.0540998846128066,0.0092189248725347,17.04056291157483,8.321361007847281,120.1728067409373,4,hourglass,linear,182-84-84-182,4,345964
0470,3,0.0646777102785977,0.0087646813355207,13.551316671179483,8.37759726281758,119.3660857017677,3,decreasing,linear,251-130-9,,311467
0471,3,0.0009928469056927,9.76125911127514e-05,9.831585368606484,0.1476230085447362,6774.024325700432,4,decreasing,late,37-24-15-12,1-2-3-4,14069
0472,3,0.0136007627545264,0.0012223463015988,8.987336399144711,1.8524653454293287,539.8280558668486,5,hourglass,linear,94-68-41-68-94,2-4-5,169093
0473,3,0.0012877370579329,7.792802250271424e-05,6.051547714857253,0.1902935559157512,5255.13291253208,2,uniform,linear,45-45,1-2,19990
0474,3,0.073182466434746,0.0155106210235125,21.19444968057032,11.765271103170882,84.99606646631969,3,increasing,early,90-196-221,,553761
0475,3,0.008686463681817,0.0008368147543079,9.633549220491355,1.249290327036236,800.454795095263,4,inverse_hourglass,early,83-104-104-83,1-3-4,256175
0476,3,0.0111103057502114,0.0013485965305554,12.138248585370883,1.4447338215493088,692.1692132736515,6,uniform,linear,49-49-49-49-49-49,3-5,110162
0477,3,0.0433991366661866,0.0053707204859358,12.375178168279762,6.127857376333399,163.18931070639624,6,inverse_hourglass,early,47-157-238-238-155-47,1-4,1312707
0478,3,0.0923179319649697,0.0126340396254584,13.685358149327293,13.223273785313342,75.62438853998056,5,hourglass,early,174-143-27-142-174,,522673
0479,3,0.0356359659339131,0.0026974648638668,7.5695011855978835,5.618998038246655,177.96770693004046,4,increasing,linear,17-90-162-235,3,490943
0480,3,0.0170473896937296,0.0005639950727953,3.308395495896917,3.001124593466416,333.2085565444729,4,decreasing,linear,222-159-97-34,1-2-3-4,493027
0481,3,0.0063368510521232,0.0013723975079394,21.657405178864828,1.010789324829365,989.3273943099654,5,inverse_hourglass,late,77-97-156-97-77,1-2-3-4,410181
0482,3,0.0093336791913187,0.0009353686798114,10.021435927232078,1.5884520511938778,629.5449923088441,5,hourglass,late,197-60-14-60-197,1-4-5,235707
0483,3,0.001550262221289,6.0363322139939566e-05,3.893749154884811,0.2565151376829801,3898.4322371425737,6,uniform,early,39-39-39-39-39-39,1-2-3-4-6,70132
0484,3,0.0024851969540508,0.0002383796902851,9.591983842431423,0.4724602542608577,2116.583993314249,3,hourglass,linear,68-41-68,1,52887
0485,3,0.0014428034827594,0.000114434472449,7.931397020899715,0.237019976480418,4219.063718117922,4,uniform,linear,41-41-41-41,1-2-4,47078
0486,3,0.0219320589971828,0.0036940372550009,16.843093735410264,3.1012861045019338,322.44721646273734,4,uniform,linear,73-73-73-73,,146886
0487,3,0.0036234417386991,0.0004419796550336,12.19778561121094,0.5406453380272309,1849.641545109345,2,decreasing,early,97-51,1,47810
0488,3,0.0083553741791224,0.0012173017399889,14.569087079674524,1.2801596588655328,781.1526063836113,5,increasing,linear,65-112-158-205-252,1-2-3-4-5,986311
0489,3,0.0291881819699223,0.003316827762193,11.363598341311386,5.324981893470156,187.7990920306071,5,decreasing,linear,164-131-98-64-31,2,388438
0490,3,0.016440140818317,0.0013249818511805,8.059431277524745,2.391801512988317,418.09511712119496,5,increasing,early,24-138-187-234-256,1-2-5,1199077
0491,3,0.17696636828845,0.0158337886853526,8.947343406824102,26.80702978484223,37.30462061987576,6,decreasing,early,216-190-181-168-120-58,5-6,1203977
0492,3,0.0189936415981139,0.0002954302421535,1.5554165357257097,3.213135929402037,311.22279278278046,5,hourglass,early,209-167-83-165-209,1-2-3,881072
0493,3,0.0138352063082652,4.271787615542858e-05,0.3087621189277725,2.0777292046626403,481.2953814929383,6,uniform,late,69-69-69-69-69-69,2,217222
0494,3,0.071267723913882,0.0069508061401599,9.75309124304164,10.827701990040374,92.35909029960648,5,hourglass,late,206-125-96-130-206,3,701485
0495,3,0.0008910494023682,6.22792013554293e-05,6.98942181992427,0.137441305245452,7275.848491676076,3,increasing,late,24-33-59,1-2-3,26015
0496,3,0.0070586996629489,0.0001229595249445,1.741957170807458,1.287274190380684,776.8356306840326,3,inverse_hourglass,early,84-212-84,1-2-3,324042
0497,3,0.0114887691135944,0.0016843818381164,14.661116621478133,1.8274862601374136,547.1999634242654,5,hourglass,early,154-128-77-134-154,1-2-3-4-5,551053
0498,3,0.0081634820786078,0.0010156937656773,12.441918239018722,1.3315622290111593,750.9990133285252,5,hourglass,early,118-108-83-108-118,1-2-4,395655
0499,3,0.0153217018691026,0.0003370887612899,2.200073883239237,2.0824371249927247,480.2066238678596,5,inverse_hourglass,early,10-137-189-135-10,1-3-5,488013
0500,3,0.0033677809827784,0.00012941707311,3.842799569563375,0.637222604508049,1569.310321899368,5,increasing,linear,41-80-118-156-195,1-2-3-4-5,557589
0501,3,0.0328670357783378,0.0055990519354438,17.03546365788816,1.7610535370519482,568.5642015895342,6,increasing,early,90-163-193-216-236-253,1-2-4-5,1792630
0502,3,0.0232117790418377,0.0012617718893228,5.435912030045338,1.070894900778072,933.9238918101854,6,increasing,early,53-138-173-199-222-242,1-2-3-4-6,1476541
0503,3,0.0145301520004943,0.0005482456571869,3.773158444373202,0.717224111213486,1394.401896745261,6,increasing,early,42-121-142-166-185-210,1-2-3-4-5,1042674
0504,3,0.0109655865380895,0.0002515590959073,2.29407788660952,0.5440125726438109,1838.4614596630695,5,increasing,late,56-65-110-175-241,1-2-3-4,654514
0505,3,0.0073591005993485,0.0003596567046172,4.887237234520998,0.4096569098863022,2441.208675541817,6,increasing,linear,36-71-107-148-157-203,1-2-3-4-5,733598
0506,3,0.0081588621422892,0.0006746403630003,8.26880453713644,0.4385654947249983,2280.431314453144,6,increasing,linear,28-59-104-131-187-207,1-2-3-4-6,765114
0507,3,0.0046100425823914,6.292304987987865e-05,1.3649125524397578,0.2450615845736335,4081.9046429246014,6,increasing,early,9-71-94-116-134-144,1-2-3-4-5,479774
0508,3,0.0040673698740967,0.0001861275465379,4.576115580815856,0.2242234383694853,4462.091962683377,6,increasing,late,14-24-52-100-147-245,1-2-3-4-6,520911
0509,3,0.0032930026842235,0.0002477856030345,7.524609810422381,0.1797978305259356,5562.242449501351,6,increasing,late,20-26-42-76-114-167,1-2-3-4-5,295219
0510,3,0.0014017716189355,0.0003733970137279,26.637507043513622,0.0962292118960809,10414.837792217972,6,increasing,late,8-15-35-68-114-174,1-2-3-4-5,277897
0511,3,0.0010645869184023,9.615451787703975e-06,0.9032096507567838,0.092086601850226,10859.344540897324,5,increasing,late,14-19-39-76-114,1-2-3-4-5,115505
0512,3,0.0011587574173883,2.5708093020677548e-05,2.2185914527839405,0.094257948409026,10609.194676143206,6,increasing,linear,12-29-44-60-78-87,1-2-3-4-5,143084
0513,3,0.0012268636459443,2.022086191434641e-06,0.1648175164468421,0.0990435044615868,10096.577080096278,4,increasing,linear,11-35-60-84,1-2-3-4,69062
0514,3,0.0013323427056156,3.56752923341871e-05,2.677636330639265,0.1041410171917001,9602.372634870151,4,increasing,linear,13-36-50-76,1-2-3-4,55908
0515,3,0.0009164101343404,1.28159945713573e-05,1.3984998737034642,0.0696410106053544,14359.369041174788,5,increasing,linear,11-24-36-48-61,1-2-3-4-5,53153
0516,3,0.0007880746418605,1.6251345885038958e-05,2.062158204541556,0.0600413905408521,16655.362989998066,6,increasing,linear,9-16-26-34-42-47,1-2-3-4-5,44511
0517,3,0.0006451313002212,8.447377497400439e-06,1.3094043793106709,0.0473966882413698,21098.713448014223,4,increasing,late,8-11-23-39,1-2-3-4,11839
0518,3,0.0006822438692224,7.498422670033157e-06,1.0990824554537937,0.0488363058861974,20477.148384646964,4,inverse_hourglass,early,12-14-14-12,1-2-3-4,5294
0519,3,0.0007632173664702,9.61112969295894e-06,1.259291273390237,0.0539974559277661,18519.392447182698,4,uniform,linear,14-14-14-14,1-2-3-4,5876
0520,3,0.0007652625234943,7.697141182071618e-06,1.0058170818198022,0.0532026884122528,18796.248410701177,5,uniform,linear,13-13-13-13-13,1-2-3-4,6640
0521,3,0.0147421145931642,0.0003209890803557,2.177361180631453,0.9042109997406848,1105.9396200810852,6,increasing,early,64-136-165-189-227-235,1-2-3-4-6,1432297
0522,3,0.0200847871381517,0.0002801946445026,1.3950590692118063,1.1849287871228296,843.9330026224554,6,increasing,early,69-149-188-216-229-254,1-2-3-5-6,1684297
0523,3,0.0219604967301424,0.0006932298701932,3.156713068524281,1.2514232947838748,799.1061067999375,6,increasing,early,56-138-182-192-221-243,1-2-4-5-6,1480291
0524,3,0.0204912918778061,0.0007481456082956,3.651041685204368,1.1691254318947877,855.3448287664378,6,increasing,early,68-148-182-207-229-248,1-2-3-5-6,1615229
0525,3,0.0132564036679569,0.0001896730762986,1.430803414331389,0.773226679341535,1293.3149722562869,6,increasing,late,81-85-112-135-182-247,1-2-3-4-6,914950
0526,3,0.0148785803396565,0.0006437619161707,4.326769768852681,0.9349831203688128,1069.5380582566158,6,increasing,late,84-92-114-145-198-255,1-2-4-5-6,1031230
0527,3,0.0216352627511048,0.0005054280490243,2.336130856550487,1.2415554747995197,805.454661312256,6,increasing,linear,86-119-152-184-217-250,1-2-4-5,1360052
0528,3,0.0146496598093792,0.000589971406893,4.0272020959512105,0.8720939400199779,1146.6866738839497,6,increasing,linear,78-111-144-178-211-244,1-2-3-4-5,1259366
0529,3,0.0417291851454214,0.0006855221904022,1.642788345886225,2.415078822158846,414.0672963873647,6,increasing,early,88-159-189-211-230-247,1-2-6,1709338
0530,3,0.0166939505651898,0.0007798404295703,4.6713953448289205,1.024467678315791,976.1174715292734,6,increasing,early,51-120-147-183-202-212,1-2-4-5,1178481
0531,3,0.0007254292534783,4.36800317733048e-06,0.6021266934558251,0.0499513450183923,20019.58946092896,5,uniform,linear,12-12-12-12-12,1-2-3-4-5,5698
0532,3,0.0008365880069582,1.7317659713695802e-05,2.0700344219206657,0.0562620793202624,17773.978426658665,5,uniform,late,14-14-14-14-14,1-2-3-4-5,7654
0533,3,0.0007449880399091,1.8563579325934323e-05,2.4917956170408857,0.0505145805246428,19798.11982148497,4,uniform,linear,13-13-13-13,1-2-3,5106
0534,3,0.0008186607158329,1.6161511012163144e-05,1.974140287862555,0.0556718720485198,17962.49389453029,5,uniform,linear,14-14-14-14-14,1-2-3-4,7654
0535,3,0.0008196382310033,9.116777908724016e-06,1.112292907270038,0.0562313434042225,17783.711798100565,6,uniform,late,13-13-13-13-13-13,1-2-3-4-5,8174
0536,3,0.0008100611163315,1.1708450924963046e-05,1.4453787114219616,0.0546597622633913,18294.995426100817,4,hourglass,linear,14-13-13-14,1-2-3-4,5379
0537,3,0.000766152519392,7.245915582379655e-06,0.9457536716226308,0.0515532023178792,19397.7389504266,6,uniform,linear,12-12-12-12-12-12,1-2-3-4-6,7006
0538,3,0.0008238717006859,1.1132510478506476e-05,1.3512432177532134,0.0560476712903497,17842.301170574443,6,uniform,linear,13-13-13-13-13-13,1-2-3-5-6,8174
0539,3,0.0007795764363879,1.9518890806692227e-05,2.5037815274574866,0.051770588294404,19316.292160562727,5,inverse_hourglass,linear,12-15-15-14-12,1-2-3-4-5,7569
0540,3,0.0008775108648805,1.875803423221129e-05,2.137641251286939,0.0590997213008175,16920.74990809213,6,hourglass,linear,14-14-14-14-14-14,1-2-3-4-5,9432
0541,3,0.0089228932963633,0.0003067789905813,3.4381111640812887,0.5528592670330614,1808.80701795252,4,increasing,early,8-143-213-253,1-2-3-4,772801
0542,3,0.0452996012041481,0.0005309288833498,1.1720387580391949,2.615806374031226,382.2916353703968,4,increasing,late,8-27-83-167,,149043
0543,3,0.0386857888236978,0.0007494106557905,1.9371729996402436,2.242556116988828,445.9198889441959,3,hourglass,early,255-15-255,,78820
0544,3,0.0095194073314971,0.0004416917328818,4.639907900783089,0.6058278558523833,1650.649432604317,5,increasing,early,16-139-170-206-254,1-2-3-4-5,1022549
0545,3,0.0416212750981333,0.0004029130933488,0.9680460110817491,2.3936346013912697,417.7830119105887,6,decreasing,late,243-174-134-123-93-93,1-2-3-5-6,927873
0546,3,0.0141459662014501,0.0010116659330152,7.151621307504296,0.8912082669564483,1122.073054138804,2,increasing,linear,21-252,,50998
0547,3,0.0489576085697916,0.0009370654091268,1.9140342767989464,2.794263507826676,357.87659032509623,6,hourglass,linear,97-63-14-14-65-97,,133585
0548,3,0.0365630136292168,0.001005330301192,2.749582710514599,2.1137765554031334,473.0898848754648,2,increasing,early,53-251,,123982
0549,3,0.0106970476403233,0.0003972155860071,3.713319780963247,0.6840590422157693,1461.8710450163271,5,increasing,linear,9-64-121-164-223,2-3-4-5,585688
0550,3,0.0068414363022078,0.0002822865023328,4.126129219997263,0.4118032738091019,2428.376825520796,6,increasing,linear,10-58-106-155-203-251,1-2-3-5-6,953757
