mode,model_id,model_path,trial,warmup_count,target_duration_sec,actual_duration_sec,inference_count,average_latency_ms,throughput_inferences_per_sec,input_seed,intra_op_threads,cpu_core_requested,cpu_core_applied,high_priority_requested,high_priority_applied,started_at_local,finished_at_local,benchmark_session_id,pair_id,structure_id,weight_state,training_run_id,protocol_id,run_order,pair_trial,idle_role
idle,,,,0,60.0,60.000343,0,,,,,0,0,True,True,2026-09-21T00:09:47.503290+09:00,2026-09-21T00:10:47.503716+09:00,headline_20260920_s01,,,,,headline_trained_abba_v1,1,,pre_session_idle
idle,,,,0,60.0,60.000402,0,,,,,0,0,True,True,2026-09-21T00:10:47.504839+09:00,2026-09-21T00:11:47.505258+09:00,headline_20260920_s01,,,,,headline_trained_abba_v1,2,,pre_session_idle
idle,,,,0,60.0,60.000520,0,,,,,0,0,True,True,2026-09-21T00:11:47.529480+09:00,2026-09-21T00:12:47.530032+09:00,headline_20260920_s01,,,,,headline_trained_abba_v1,3,,pre_session_idle
inference,0551,measurements\headline_comparison\onnx\0551_trained_best.onnx,1,200,60.0,60.000556,26122,2.296935778271182,435.3626294038846,20260824,1,0,0,True,True,2026-09-21T00:12:48.184005+09:00,2026-09-21T00:13:48.184621+09:00,headline_20260920_s01,headline_0551_vs_0530,0551,reference_0551_trained,headline_cifar10_v1,headline_trained_abba_v1,4,1,
inference,0530,measurements\headline_comparison\onnx\0530_trained_best.onnx,1,200,60.0,60.000256,56472,1.0624779660716779,941.1959889364304,20260824,1,0,0,True,True,2026-09-21T00:14:48.416923+09:00,2026-09-21T00:15:48.417222+09:00,headline_20260920_s01,headline_0551_vs_0530,0530,pareto_0530_trained,headline_cifar10_v1,headline_trained_abba_v1,5,1,
inference,0530,measurements\headline_comparison\onnx\0530_trained_best.onnx,2,200,60.0,60.000548,56642,1.0592942992832248,944.0247159610444,20260824,1,0,0,True,True,2026-09-21T00:16:48.644519+09:00,2026-09-21T00:17:48.645115+09:00,headline_20260920_s01,headline_0551_vs_0530,0530,pareto_0530_trained,headline_cifar10_v1,headline_trained_abba_v1,6,2,
inference,0551,measurements\headline_comparison\onnx\0551_trained_best.onnx,2,200,60.0,60.001424,26343,2.2776989864479917,439.0395772004413,20260824,1,0,0,True,True,2026-09-21T00:18:49.095766+09:00,2026-09-21T00:19:49.097239+09:00,headline_20260920_s01,headline_0551_vs_0530,0551,reference_0551_trained,headline_cifar10_v1,headline_trained_abba_v1,7,2,
idle,,,,0,60.0,60.000585,0,,,,,0,0,True,True,2026-09-21T00:20:49.111592+09:00,2026-09-21T00:21:49.112216+09:00,headline_20260920_s01,,,,,headline_trained_abba_v1,8,,between_abba_blocks_idle
inference,0530,measurements\headline_comparison\onnx\0530_trained_best.onnx,3,200,60.0,60.000796,56489,1.0621677777974625,941.4708494298565,20260824,1,0,0,True,True,2026-09-21T00:21:49.342214+09:00,2026-09-21T00:22:49.343059+09:00,headline_20260920_s01,headline_0551_vs_0530,0530,pareto_0530_trained,headline_cifar10_v1,headline_trained_abba_v1,9,3,
inference,0551,measurements\headline_comparison\onnx\0551_trained_best.onnx,3,200,60.0,60.001164,24804,2.4190116231253307,413.3919781286595,20260824,1,0,0,True,True,2026-09-21T00:23:49.848895+09:00,2026-09-21T00:24:49.850126+09:00,headline_20260920_s01,headline_0551_vs_0530,0551,reference_0551_trained,headline_cifar10_v1,headline_trained_abba_v1,10,3,
inference,0551,measurements\headline_comparison\onnx\0551_trained_best.onnx,4,200,60.0,60.000409,23929,2.507434857286128,398.81395007897834,20260824,1,0,0,True,True,2026-09-21T00:25:50.363392+09:00,2026-09-21T00:26:50.363843+09:00,headline_20260920_s01,headline_0551_vs_0530,0551,reference_0551_trained,headline_cifar10_v1,headline_trained_abba_v1,11,4,
inference,0530,measurements\headline_comparison\onnx\0530_trained_best.onnx,4,200,60.0,60.000862,49652,1.2084278941432403,827.5214473669421,20260824,1,0,0,True,True,2026-09-21T00:27:50.624209+09:00,2026-09-21T00:28:50.625114+09:00,headline_20260920_s01,headline_0551_vs_0530,0530,pareto_0530_trained,headline_cifar10_v1,headline_trained_abba_v1,12,4,
idle,,,,0,60.0,60.000347,0,,,,,0,0,True,True,2026-09-21T00:29:50.650682+09:00,2026-09-21T00:30:50.651059+09:00,headline_20260920_s01,,,,,headline_trained_abba_v1,13,,post_session_idle
idle,,,,0,60.0,60.000402,0,,,,,0,0,True,True,2026-09-21T00:30:50.659900+09:00,2026-09-21T00:31:50.660327+09:00,headline_20260920_s01,,,,,headline_trained_abba_v1,14,,post_session_idle
idle,,,,0,60.0,60.000104,0,,,,,0,0,True,True,2026-09-21T00:31:50.670786+09:00,2026-09-21T00:32:50.670931+09:00,headline_20260920_s01,,,,,headline_trained_abba_v1,15,,post_session_idle
