id,seed,depth,pattern,growth_pattern,noise_ratio,min_channels,max_channels,channels,pools,parameter_count,onnx_path,onnx_size_bytes,created_at_utc,synflow_score,grad_norm_score,jacob_cov_score,final_accuracy,best_accuracy,final_val_loss,train_time_sec,feature_synflow_score,feature_grad_norm_score,feature_jacob_cov_score
22,6786324878544198774,2,increasing,late,0.0,64,150,64-150,1,89852,model_onnx/0022.onnx,360957,2026-09-08T11:09:30.062079+00:00,5534.028827250004,1.112892331032899,-16.146907806396484,60.24,60.43,1.124273064422607,727.1228740215302,5534.029063761234,1.0953827287241296,-16.08877182006836
23,3227420719211642672,6,hourglass,early,0.1,20,83,83-68-20-20-63-83,2-4-5-6,128455,model_onnx/0023.onnx,517679,2026-09-08T11:09:30.113013+00:00,75756587.95558393,0.37429829448134877,-16.05872344970703,81.17,81.17,0.5501200201034546,866.0223121643066,75756596.0180859,0.2993551753975986,-16.059410095214844
32,2138378658593451166,6,inverse_hourglass,early,0.1,85,124,85-120-124-124-104-85,2-4,563525,model_onnx/0032.onnx,2257524,2026-09-08T11:09:30.443744+00:00,590699602.2886331,0.28348099234082225,-16.06113052368164,86.49,86.49,0.4579126092433929,960.2725563049316,590699578.2888777,0.2790671158066434,-16.104997634887695
38,5193306621158855030,4,increasing,late,0.0,29,177,29-45-95-177,1,204464,model_onnx/0038.onnx,820222,2026-09-08T11:09:30.714269+00:00,844106.9030339718,0.2568759886085691,-16.338958740234375,74.21,74.21,0.7501944087982177,767.3644006252289,844106.8092705905,0.3279344555960647,-16.418750762939453
54,6689576246580821505,6,increasing,linear,0.1,66,221,66-102-133-161-192-221,1,1040372,model_onnx/0054.onnx,4164699,2026-09-08T11:09:31.362254+00:00,1322274335.5476882,0.18191502954599575,-16.126745223999023,83.66,83.77,0.5280909248828888,1004.8755145072936,1322274192.0471714,0.180996062388504,-16.234773635864258
57,5506572091110198596,6,decreasing,late,0.0,74,166,166-133-107-89-78-74,2-3,532793,model_onnx/0057.onnx,2134604,2026-09-08T11:09:31.500963+00:00,494539989.33665943,0.23830907506980153,-16.067710876464844,85.05,85.08,0.4688817474365234,998.1287167072296,494539957.3387357,0.152144885826038,-16.130952835083008
61,4154080990474572052,4,increasing,late,0.05,94,209,94-112-148-209,1-2-3-4,527525,model_onnx/0061.onnx,2113134,2026-09-08T11:09:31.659482+00:00,4023223.020888388,1.119298851735716,-16.067886352539062,84.14,84.18,0.4949077649116516,784.5641374588013,4023222.891982004,1.111913872220306,-16.059316635131836
77,8403490908903309423,5,uniform,linear,0.0,83,83,83-83-83-83-83,1-3-4-5,251500,model_onnx/0077.onnx,1009446,2026-09-08T11:09:32.310104+00:00,25264907.178459287,0.5281492007274353,-16.06037712097168,83.35,83.37,0.49900661611557,794.4264874458313,25264906.678458396,0.457608768131572,-16.061986923217773
81,9214316316864823098,3,increasing,late,0.05,59,159,59-86-159,,172229,model_onnx/0081.onnx,690656,2026-09-08T11:09:32.451040+00:00,99649.68049815297,0.4884839439811361,-17.380632400512695,65.92,66.03,0.979764645767212,970.9280772209167,99649.67274290325,0.5384054236259055,-16.270248413085938
88,5522071537114309014,6,decreasing,linear,0.1,33,248,248-214-154-119-81-33,3-5,1057879,model_onnx/0088.onnx,4234947,2026-09-08T11:09:32.770826+00:00,920337227.8802662,0.3433613453282409,-16.048511505126953,84.42,84.42,0.5057029106140136,1240.894680738449,920337187.8822184,0.3499765762536236,-16.058549880981445
94,1341991664185510061,5,hourglass,linear,0.0,21,89,89-55-21-55-89,1-3-5,112512,model_onnx/0094.onnx,453271,2026-09-08T11:09:33.017600+00:00,8525100.163898706,0.29568294080511365,-16.09768295288086,75.91,75.96,0.6953960185050965,731.4841423034668,8525099.659935266,0.1823098444363796,-16.05711555480957
113,2204719407037680615,6,increasing,late,0.0,30,83,30-32-38-49-64-83,1-3-5,114320,model_onnx/0113.onnx,460923,2026-09-08T11:09:33.904179+00:00,42051342.64325631,0.15395425430372917,-16.080127716064453,79.35,79.35,0.6005745289802551,686.9733159542084,42051342.64423287,0.2024049763666507,-16.113605499267578
120,2450932048946963560,4,uniform,linear,0.0,38,38,38-38-38-38,1-2-4,40556,model_onnx/0120.onnx,165030,2026-09-08T11:09:34.223061+00:00,289650.031621933,0.3140025528171508,-16.057937622070312,71.38,71.48,0.8134036993026733,676.8031709194183,289650.0238013864,0.4009821986921224,-16.073497772216797
125,3816516542109905248,6,inverse_hourglass,early,0.05,46,224,46-165-224-224-163-46,5,1251204,model_onnx/0125.onnx,5008027,2026-09-08T11:09:34.509431+00:00,1085944471.6396961,0.19828695885477804,-16.074974060058594,83.41,83.62,0.5641255888462067,1563.1950731277466,1085944455.1401546,0.1578019699484655,-16.07811164855957
127,6442497889882592968,6,inverse_hourglass,early,0.1,19,240,19-162-240-240-174-19,1-2-3-5,1303183,model_onnx/0127.onnx,5216606,2026-09-08T11:09:34.625772+00:00,176450285.85023916,0.2157546249285347,-16.076862335205078,83.99,83.99,0.5005674758911133,771.8991034030914,176450287.78786123,0.2943847842543386,-16.094083786010742
133,1199462858865090077,6,hourglass,early,0.05,53,135,135-115-53-53-121-135,3-5-6,430210,model_onnx/0133.onnx,1724486,2026-09-08T11:09:34.862282+00:00,574197633.4690582,0.2853145968305808,-16.030563354492188,83.45,83.52,0.5127543458461762,951.3900363445282,574197553.2209961,0.2154904696172318,-16.063684463500977
149,7709370079779957983,3,inverse_hourglass,early,0.1,64,140,64-140-64,1-2-3,163926,model_onnx/0149.onnx,658098,2026-09-08T11:09:35.603893+00:00,92368.51528453827,1.1571853752003265,-16.06751251220703,73.69,73.86,0.7687233782768249,695.2022707462311,92368.5074710846,1.4201655276259464,-16.107955932617188
158,5499586432657722140,3,uniform,linear,0.05,83,83,83-83-83,2-3,127332,model_onnx/0158.onnx,511501,2026-09-08T11:09:35.949843+00:00,91505.80265974998,0.868360831197558,-16.060890197753906,69.79,69.84,0.8719784873008728,807.2812337875366,91505.80467092992,0.6827667814509848,-16.07184600830078
176,4078802847151167650,6,uniform,linear,0.1,25,25,25-25-25-25-25-25,3-4-6,29210,model_onnx/0176.onnx,120472,2026-09-08T11:09:36.755456+00:00,9822497.821838677,0.22748788237622883,-16.056049346923828,69.09,69.13,0.8802953754425049,700.2742693424225,9822498.071323574,0.2998339574714992,-16.059768676757812
183,6041984801109206791,6,decreasing,linear,0.0,87,222,222-195-168-141-114-87,,1139371,model_onnx/0183.onnx,4560476,2026-09-08T11:09:37.129992+00:00,2002549507.8118148,0.3119188225787958,-16.057514190673828,81.48,81.56,0.6061571487426758,1533.902639627457,2002549251.784089,0.2653964276489809,-17.220016479492188
193,2876965514137450472,6,inverse_hourglass,late,0.1,41,118,41-56-118-118-54-41,1-3-4-6,284681,model_onnx/0193.onnx,1142589,2026-09-08T11:09:37.573089+00:00,145959460.55798042,0.31697386959238943,-16.059585571289062,84.58,84.63,0.4811304465055466,745.6576614379883,145959462.49365693,0.2813589362555669,-16.0513858795166
194,7478617474960440624,5,decreasing,early,0.1,74,246,246-219-200-145-74,1-2-3-5,1244912,model_onnx/0194.onnx,4983109,2026-09-08T11:09:37.647598+00:00,106132603.17515951,0.5210566141127003,-16.051416397094727,84.65,84.65,0.4831093044281005,935.06121468544,106132607.1123991,0.4816717933905863,-16.050037384033203
198,4281966434013495157,5,inverse_hourglass,late,0.0,24,128,24-50-128-50-24,3-4,137974,model_onnx/0198.onnx,554899,2026-09-08T11:09:37.770626+00:00,4182240.541306138,0.32246823735671454,-16.066669464111328,74.65,74.65,0.7482360098838806,896.693696975708,4182240.41629076,0.3960324702285606,-16.06515884399414
200,3835542138127787494,6,uniform,early,0.1,70,70,70-70-70-70-70-70,4,223520,model_onnx/0200.onnx,897278,2026-09-08T11:09:37.850264+00:00,207445026.1973518,0.2996242899397439,-16.12432098388672,79.82,79.84,0.5970203049182892,1032.9732041358948,207445010.19540545,0.248935160735282,-16.056053161621094
223,8079884140413000553,6,hourglass,early,0.1,76,252,252-223-76-76-233-252,,1408542,model_onnx/0223.onnx,5637162,2026-09-08T11:09:38.768492+00:00,2634374085.72419,0.2896226319072675,-16.077667236328125,82.05,82.05,0.5610947952747345,1666.6855447292328,2634374085.7524114,0.2127514506912628,-16.99066162109375
258,2770658023330200856,5,increasing,late,0.05,88,157,88-89-106-132-157,2,472366,model_onnx/0258.onnx,1892249,2026-09-08T11:09:40.296189+00:00,44420783.674037874,0.2897948623774183,-16.239835739135742,83.63,83.63,0.5033799331903458,931.4076521396636,44420782.189694166,0.2281668170568715,-16.116430282592773
277,2295179022765017891,4,decreasing,late,0.1,41,150,150-87-52-41,3,182154,model_onnx/0277.onnx,730983,2026-09-08T11:09:40.975953+00:00,1061127.9780160189,0.33053912035729793,-16.049989700317383,70.08,70.08,0.8648624399185181,946.2381098270416,1061128.0400363207,0.1974245671931599,-16.212919235229492
281,6590513463448900582,4,hourglass,late,0.0,85,103,103-85-85-103,,226812,model_onnx/0281.onnx,909394,2026-09-08T11:09:41.122255+00:00,1817901.649624467,0.38431989189288623,-16.08073616027832,72.16,72.16,0.8147202464103699,952.3106491565704,1817901.4612337947,0.2423045358237832,-16.644079208374023
287,1946148182667073684,5,uniform,linear,0.05,71,71,71-71-71-71-71,1-2-3-4-5,184468,model_onnx/0287.onnx,741539,2026-09-08T11:09:41.339856+00:00,7637097.165848315,0.42828438503506855,-16.079421997070312,83.31,83.31,0.4952408483982086,723.0820541381836,7637097.162006557,0.471029710786485,-16.071441650390625
298,3455910411636713508,4,inverse_hourglass,early,0.1,64,199,64-199-199-64,,588561,model_onnx/0298.onnx,2356397,2026-09-08T11:09:41.778052+00:00,2452498.298603058,0.2680943718397332,-16.200105667114258,74.64,74.65,0.7509883026123046,1073.3851783275604,2452498.362933457,0.3437286539408163,-16.166841506958008
304,7792132736078773354,4,decreasing,linear,0.1,28,208,208-160-87-28,1,453113,model_onnx/0304.onnx,1814823,2026-09-08T11:09:41.972296+00:00,1750621.1741970778,0.4229761269402894,-17.21160888671875,75.98,76.01,0.7087210729599,925.5734949111938,1750621.1439159214,0.3773429652999849,-16.225433349609375
312,2643570985110774579,6,decreasing,late,0.05,41,118,118-94-66-53-42-41,,226698,model_onnx/0312.onnx,909769,2026-09-08T11:09:42.367348+00:00,169402351.00337577,0.29257622535237915,-16.083301544189453,75.95,75.95,0.7176024679660797,1014.281637430191,169402333.003456,0.3548425855957922,-16.164127349853516
320,6694217668768780210,5,hourglass,linear,0.05,68,226,226-140-68-143-226,4,757993,model_onnx/0320.onnx,3034766,2026-09-08T11:09:42.656145+00:00,96014296.91322675,0.3699829620251889,-16.08424186706543,81.69,81.69,0.5636084037303924,1193.8674314022064,96014281.91228452,0.4076110975852939,-16.075801849365234
325,8993199257345761530,4,decreasing,linear,0.1,95,246,246-198-141-95,1-2-3-4,818471,model_onnx/0325.onnx,3276923,2026-09-08T11:09:42.880726+00:00,5878519.050680757,0.8120646366137559,-16.071643829345703,83.63,83.7,0.4956880038261413,984.016218662262,5878519.050680757,1.370612918603185,-16.068572998046875
330,8407823811588257580,6,hourglass,linear,0.0,92,220,220-169-92-92-169-220,1,1034392,model_onnx/0330.onnx,4140781,2026-09-08T11:09:43.107474+00:00,1858369080.4213176,0.23311579699617443,-16.132627487182617,83.26,83.35,0.5297658747673034,1020.868096113205,1858369016.421594,0.2636646460792917,-16.14467430114746
348,3554358216165916204,2,uniform,linear,0.05,79,79,79-79,,59260,model_onnx/0348.onnx,238368,2026-09-08T11:09:43.804717+00:00,4450.233443647623,0.44918251110153223,-17.29526138305664,53.92,53.92,1.3005776363372803,788.2240183353424,4450.23356205225,0.5790802743075253,-16.7596378326416
364,4309777958421505400,6,increasing,early,0.1,93,252,93-161-190-212-249-252,2-5-6,1818609,model_onnx/0364.onnx,7278094,2026-09-08T11:09:44.612778+00:00,4019624707.970669,0.22120817067273574,-16.052471160888672,87.19,87.39,0.4718633626818657,1021.2408468723296,4019624515.940333,0.429747825037907,-16.049564361572266
380,196037435524592078,2,decreasing,early,0.0,38,228,228-38,2,84788,model_onnx/0380.onnx,340703,2026-09-08T11:09:45.194686+00:00,5409.035236120224,1.1177823743963422,-16.11773681640625,51.86,52.24,1.3417217292785644,882.0269386768341,5409.03512147069,1.387402979468272,-16.491239547729492
389,4907798606729433036,5,increasing,early,0.0,61,229,61-145-180-206-229,1-2-3-4,1077559,model_onnx/0389.onnx,4313695,2026-09-08T11:09:45.602996+00:00,49570542.53432506,0.34272046509355747,-16.05081558227539,85.89,85.89,0.4562413012981415,788.51056432724,49570543.53432414,0.448878716180243,-16.06389808654785
396,7443052310430820053,4,inverse_hourglass,late,0.1,86,88,86-88-88-86,1-2-4,209460,model_onnx/0396.onnx,840646,2026-09-08T11:09:45.923115+00:00,1518011.5480385423,0.4246446562282123,-16.054712295532227,80.52,80.65,0.5791396014690399,764.6057322025299,1518011.5157966018,0.7089610324519344,-16.057117462158203
410,2939965593092330684,6,inverse_hourglass,linear,0.0,48,216,48-115-216-216-115-48,1,968928,model_onnx/0410.onnx,3878917,2026-09-08T11:09:46.472901+00:00,619908068.5850394,0.32366216833824857,-16.723052978515625,84.44,84.59,0.5283710131645203,1004.0635521411896,619908052.5923485,0.2980084987313668,-16.322402954101562
414,477529332724645328,6,uniform,late,0.0,56,56,56-56-56-56-56-56,4,143538,model_onnx/0414.onnx,577350,2026-09-08T11:09:46.613264+00:00,107100233.29918694,0.32134873672121,-16.081022262573242,78.25,78.41,0.6586032517910003,894.900269985199,107100235.26733434,0.2991075765102691,-16.052413940429688
418,4887867660148940505,3,hourglass,early,0.05,96,161,161-96-161,,284593,model_onnx/0418.onnx,1140117,2026-09-08T11:09:46.782480+00:00,173846.59906855226,0.4813196070050346,-16.31305503845215,67.49,67.52,0.945430978012085,1013.1545419692992,173846.5912516117,0.3487029570210438,-16.45281219482422
422,3395135157706323767,3,hourglass,linear,0.1,54,81,81-54-81,1,81955,model_onnx/0422.onnx,329775,2026-09-08T11:09:47.006318+00:00,62828.98781660199,0.5052035434181938,-16.286836624145508,67.05,67.09,0.944175785636902,760.067754983902,62828.98671892285,0.3700400799673395,-16.76740837097168
447,3120106694787379509,3,decreasing,late,0.05,45,175,175-77-45,3,157942,model_onnx/0447.onnx,633728,2026-09-08T11:09:48.001298+00:00,90175.52467179298,0.7369828924452987,-16.22856903076172,62.79,62.79,1.0506529983520507,1011.5070343017578,90175.52649837732,0.5241610566487779,-16.08856964111328
450,6471548956454382513,6,increasing,late,0.05,48,251,48-55-77-124-185-251,1-3-4-5-6,776738,model_onnx/0450.onnx,3111045,2026-09-08T11:09:48.120612+00:00,344407829.77102894,0.29049238471624067,-16.064477920532227,85.42,85.63,0.4558811418533325,774.8275685310364,344407829.89578384,0.2559858870163853,-16.071552276611328
452,5082135254286080045,4,uniform,late,0.0,64,64,64-64-64-64,1-2-3-4,113226,model_onnx/0452.onnx,455931,2026-09-08T11:09:48.224294+00:00,898752.568704009,0.8954412150698894,-16.071163177490234,79.73,79.77,0.5939624726295472,726.3126037120819,898752.5687019825,0.3667089695244029,-16.062297821044922
473,7540089307719533033,2,uniform,linear,0.0,45,45,45-45,1-2,19990,model_onnx/0473.onnx,81724,2026-09-08T11:09:49.019429+00:00,2608.6380435824394,1.8621188908517656,-16.09832000732422,55.3,55.46,1.2760182277679444,711.9867787361145,2608.6381026506424,2.030810009081365,-16.10161781311035
481,7557288287400506712,5,inverse_hourglass,late,0.0,77,156,77-97-156-97-77,1-2-3-4,410181,model_onnx/0481.onnx,1644173,2026-09-08T11:09:49.499377+00:00,16607409.6937989,0.395425321271984,-16.074729919433594,84.21,84.34,0.4847142073154449,771.6010227203369,16607409.443798482,0.3183462430523699,-16.070236206054688
498,6829380297620618388,5,hourglass,early,0.0,83,118,118-108-83-108-118,1-2-4,395655,model_onnx/0498.onnx,1585845,2026-09-08T11:09:50.364529+00:00,30440568.65018186,0.21185478394406368,-16.069305419921875,84.17,84.29,0.4823157805919647,806.4864022731781,30440569.13455677,0.4948361697610853,-16.052936553955078
