id,candidate_id,selection_reason,seed,depth,pattern,growth_pattern,noise_ratio,min_channels,max_channels,channels,pools,parameter_count,onnx_path,onnx_size_bytes,created_at_utc,synflow_score,grad_norm_score,jacob_cov_score,final_accuracy,best_accuracy,final_val_loss,train_time_sec,feature_synflow_score,feature_grad_norm_score,feature_jacob_cov_score
501,C028658,mean_acc_energy_pareto,1830800459670494969,6,increasing,early,0.0,90,253,90-163-193-216-236-253,1-2-4-5,1792630,model_onnx/0501.onnx,7174403,2026-09-17T13:59:01.988005+00:00,,,,85.32,85.32,0.5039782376766205,40.82695960998535,1807793613.1816201,0.269530346559607,-16.061092376708984
502,C002898,mean_acc_energy_pareto,6763049188880901712,6,increasing,early,0.0,53,242,53-138-173-199-222-242,1-2-3-4-6,1476541,model_onnx/0502.onnx,5910266,2026-09-17T13:59:02.126318+00:00,,,,84.25,84.41,0.4921053873062134,37.1237223148346,539515551.1820961,0.22613203949509667,-16.06774139404297
503,C000653,mean_acc_energy_pareto,6225875175495361701,6,increasing,early,0.05,42,210,42-121-142-166-185-210,1-2-3-4-5,1042674,model_onnx/0503.onnx,4174795,2026-09-17T13:59:02.246309+00:00,,,,84.1,84.15,0.4921737210273743,37.10923933982849,75218855.60078284,0.3349748066771249,-16.06459617614746
504,C038214,mean_acc_energy_pareto,2161984093225211030,5,increasing,late,0.1,56,241,56-65-110-175-241,1-2-3-4,654514,model_onnx/0504.onnx,2621509,2026-09-17T13:59:02.313630+00:00,,,,83.35,83.35,0.5059807282447815,33.46011471748352,22977768.28926739,0.3269770163980273,-16.072978973388672
505,C027201,mean_acc_energy_pareto,4720685222591577414,6,increasing,linear,0.1,36,203,36-71-107-148-157-203,1-2-3-4-5,733598,model_onnx/0505.onnx,2938488,2026-09-17T13:59:02.404573+00:00,,,,83.37,83.39,0.509679039478302,36.753058195114136,40365073.14916539,0.29391126605032686,-16.050825119018555
506,C045848,mean_acc_energy_pareto,6297814903714004961,6,increasing,linear,0.1,28,207,28-59-104-131-187-207,1-2-3-4-6,765114,model_onnx/0506.onnx,3064551,2026-09-17T13:59:02.496377+00:00,,,,83.2,83.2,0.5204995143890381,36.88338708877564,133833024.9281609,0.28047263812355394,-16.05922508239746
507,C007061,mean_acc_energy_pareto,5214099786978613142,6,increasing,early,0.1,9,144,9-71-94-116-134-144,1-2-3-4-5,479774,model_onnx/0507.onnx,1923186,2026-09-17T13:59:02.573415+00:00,,,,80.57,80.65,0.5764906287193299,36.02065920829773,13420560.374486685,0.146122516954263,-16.071744918823242
508,C032483,mean_acc_energy_pareto,2368186944528952820,6,increasing,late,0.1,14,245,14-24-52-100-147-245,1-2-3-4-6,520911,model_onnx/0508.onnx,2087730,2026-09-17T13:59:02.655133+00:00,,,,78.62,78.62,0.6261004704475402,35.842116594314575,36149389.37564802,0.30863712465975995,-16.072572708129883
509,C017143,mean_acc_energy_pareto,405548939719029302,6,increasing,late,0.05,20,167,20-26-42-76-114-167,1-2-3-4-5,295219,model_onnx/0509.onnx,1184961,2026-09-17T13:59:02.734224+00:00,,,,77.51,77.57,0.6409334624290466,36.33484506607056,6705948.874650896,0.32333905718500594,-16.053836822509766
510,C042472,mean_acc_energy_pareto,3875732980980196474,6,increasing,late,0.0,8,174,8-15-35-68-114-174,1-2-3-4-5,277897,model_onnx/0510.onnx,1115671,2026-09-17T13:59:02.797067+00:00,,,,72.29,72.34,0.7810835990905761,35.341428995132446,2747997.1230941713,0.225796692700889,-16.073938369750977
511,C031503,mean_acc_energy_pareto,7035214686820451880,5,increasing,late,0.1,14,114,14-19-39-76-114,1-2-3-4-5,115505,model_onnx/0511.onnx,465681,2026-09-17T13:59:02.853363+00:00,,,,76.07,76.1,0.6869719430923462,32.15159296989441,1747725.747303784,0.47933144207141,-16.09278106689453
512,C045904,mean_acc_energy_pareto,2407515969642761130,6,increasing,linear,0.1,12,87,12-29-44-60-78-87,1-2-3-4-5,143084,model_onnx/0512.onnx,576417,2026-09-17T13:59:02.912500+00:00,,,,75.66,75.66,0.704487806892395,36.132752656936646,2736117.494174361,0.22216285716898468,-16.07335090637207
513,C010255,mean_acc_energy_pareto,981137841317433769,4,increasing,linear,0.1,11,84,11-35-60-84,1-2-3-4,69062,model_onnx/0513.onnx,279271,2026-09-17T13:59:02.962563+00:00,,,,74.93,75.02,0.7245474274635315,28.74087858200073,324248.37515199184,0.5430487036406886,-16.063058853149414
514,C003302,mean_acc_energy_pareto,2122871703977865980,4,increasing,linear,0.1,13,76,13-36-50-76,1-2-3-4,55908,model_onnx/0514.onnx,226657,2026-09-17T13:59:03.009658+00:00,,,,75.51,75.6,0.7279635725975037,28.2123441696167,287815.80910623074,0.6579901337140505,-16.059181213378906
515,C021213,mean_acc_energy_pareto,1520571301591443261,5,increasing,linear,0.0,11,61,11-24-36-48-61,1-2-3-4-5,53153,model_onnx/0515.onnx,216273,2026-09-17T13:59:03.061369+00:00,,,,73.37,73.48,0.7611481939315796,32.00671458244324,1005371.0896087885,0.27665227999603254,-16.085872650146484
516,C009277,mean_acc_energy_pareto,3892657065878969216,6,increasing,linear,0.1,9,47,9-16-26-34-42-47,1-2-3-4-5,44511,model_onnx/0516.onnx,182120,2026-09-17T13:59:03.116826+00:00,,,,65.98,66.02,0.9556207978248596,35.072505474090576,649475.3814784884,0.17750419330256997,-16.074718475341797
517,C005734,mean_acc_energy_pareto,858329521624705069,4,increasing,late,0.1,8,39,8-11-23-39,1-2-3-4,11839,model_onnx/0517.onnx,50373,2026-09-17T13:59:03.160821+00:00,,,,64.02,64.02,1.0240748322486877,27.302248001098636,64849.387648403645,0.26000894869453706,-16.11878204345703
518,C032321,mean_acc_energy_pareto,4516708197439151339,4,inverse_hourglass,early,0.0,12,14,12-14-14-12,1-2-3-4,5294,model_onnx/0518.onnx,24189,2026-09-17T13:59:03.200732+00:00,,,,58.89,59.41,1.15114274559021,27.256877660751343,40633.8102799654,0.40235472998800575,-16.1106014251709
519,C000883,mean_acc_energy_pareto,296072201989045859,4,uniform,linear,0.1,14,14,14-14-14-14,1-2-3-4,5876,model_onnx/0519.onnx,26517,2026-09-17T13:59:03.259110+00:00,,,,61.21,61.25,1.1094626328468322,27.194494485855103,46542.763806045055,0.46778726925106917,-16.09147071838379
520,C023242,mean_acc_energy_pareto,688303013832059520,5,uniform,linear,0.1,13,13,13-13-13-13-13,1-2-3-4,6640,model_onnx/0520.onnx,29988,2026-09-17T13:59:03.304814+00:00,,,,59.56,59.62,1.1200115255355836,29.418216466903687,104460.82979625463,0.4406484421556208,-16.09617042541504
521,C004280,high_mean_accuracy,7636588611910180172,6,increasing,early,0.05,64,235,64-136-165-189-227-235,1-2-3-4-6,1432297,model_onnx/0521.onnx,5733290,2026-09-17T13:59:03.434891+00:00,,,,85.07,85.08,0.486513789319992,37.038944244384766,539885871.0305856,0.3000040159857014,-16.04888916015625
522,C033729,high_mean_accuracy,6901232056551839903,6,increasing,early,0.05,69,254,69-149-188-216-229-254,1-2-3-5-6,1684297,model_onnx/0522.onnx,6741290,2026-09-17T13:59:03.527385+00:00,,,,85.57,85.69,0.4837018725395202,39.05635118484497,1256797823.694423,0.3963033127535014,-16.059751510620117
523,C007789,high_mean_accuracy,1648424441228987011,6,increasing,early,0.05,56,243,56-138-182-192-221-243,1-2-4-5-6,1480291,model_onnx/0523.onnx,5925266,2026-09-17T13:59:03.632173+00:00,,,,85.55,85.55,0.4736540230751037,37.43727135658264,1168677118.6040902,0.33591322482504493,-16.06474494934082
524,C038769,high_mean_accuracy,2140617413892990732,6,increasing,early,0.0,68,248,68-148-182-207-229-248,1-2-3-5-6,1615229,model_onnx/0524.onnx,6465018,2026-09-17T13:59:03.776923+00:00,,,,85.37,85.37,0.4940899585485458,38.66785883903504,1163286502.920565,0.4532004378836742,-16.062198638916016
525,C002188,high_mean_accuracy,19475528703082997,6,increasing,late,0.05,81,247,81-85-112-135-182-247,1-2-3-4-6,914950,model_onnx/0525.onnx,3663896,2026-09-17T13:59:03.886803+00:00,,,,83.41,83.41,0.5155989388465881,37.84512376785278,318341535.0295366,0.26132668391749336,-16.062259674072266
526,C009220,high_mean_accuracy,4065121847179459313,6,increasing,late,0.05,84,255,84-92-114-145-198-255,1-2-4-5-6,1031230,model_onnx/0526.onnx,4129016,2026-09-17T13:59:03.961521+00:00,,,,85.25,85.25,0.4717385829210281,38.255531549453735,784452386.4899952,0.46388112969494033,-16.05560302734375
527,C002433,high_mean_accuracy,4919498512586247541,6,increasing,linear,0.0,86,250,86-119-152-184-217-250,1-2-4-5,1360052,model_onnx/0527.onnx,5444086,2026-09-17T13:59:04.049377+00:00,,,,85.87,85.87,0.486827176618576,37.47838234901428,1129051653.6652138,0.3678732010142896,-16.046676635742188
528,C016052,high_mean_accuracy,1522047950632237756,6,increasing,linear,0.0,78,244,78-111-144-178-211-244,1-2-3-4-5,1259366,model_onnx/0528.onnx,5041563,2026-09-17T13:59:04.170379+00:00,,,,84.52,84.56,0.4749682110548019,37.686606884002686,123891419.90685552,0.2138773338228887,-16.075599670410156
529,C029819,high_mean_accuracy,5959742380580312254,6,increasing,early,0.0,88,247,88-159-189-211-230-247,1-2-6,1709338,model_onnx/0529.onnx,6841012,2026-09-17T13:59:04.309797+00:00,,,,85.85,85.96,0.5312518167495728,41.34671378135681,3048307263.553634,0.19815262306265735,-16.068830490112305
530,C002793,high_mean_accuracy,480274813204075835,6,increasing,early,0.05,51,212,51-120-147-183-202-212,1-2-4-5,1178481,model_onnx/0530.onnx,4717802,2026-09-17T13:59:04.396915+00:00,,,,86.06,86.16,0.4768917634963989,36.24635100364685,838547349.7796317,0.2527877315975254,-16.0720157623291
531,C004555,low_mean_energy,7339160182301088906,5,uniform,linear,0.0,12,12,12-12-12-12-12,1-2-3-4-5,5698,model_onnx/0531.onnx,26441,2026-09-17T13:59:04.448050+00:00,,,,58.87,58.93,1.1432046346664428,30.39733624458313,107932.36263996363,0.2790437876581812,-16.08074378967285
532,C002328,low_mean_energy,667895695915595575,5,uniform,late,0.05,14,14,14-14-14-14-14,1-2-3-4-5,7654,model_onnx/0532.onnx,34265,2026-09-17T13:59:04.499118+00:00,,,,61.42,61.5,1.0718837288856506,30.791133165359497,155697.49812620878,0.30905619941302315,-16.0783634185791
533,C024630,low_mean_energy,556652432274193651,4,uniform,linear,0.05,13,13,13-13-13-13,1-2-3,5106,model_onnx/0533.onnx,23216,2026-09-17T13:59:04.541496+00:00,,,,54.03,54.3,1.2531185583114623,26.829011917114254,26795.19685536623,0.2738330639180713,-16.093259811401367
534,C010098,low_mean_energy,5889507476635797088,5,uniform,linear,0.0,14,14,14-14-14-14-14,1-2-3-4,7654,model_onnx/0534.onnx,34044,2026-09-17T13:59:04.591190+00:00,,,,60.09,60.14,1.1202128889083862,30.075115442276,133397.73530614376,0.45063662950793526,-16.073062896728516
535,C002241,low_mean_energy,3179833863557385076,6,uniform,late,0.05,13,13,13-13-13-13-13-13,1-2-3-4-5,8174,model_onnx/0535.onnx,36760,2026-09-17T13:59:04.659534+00:00,,,,58.06,58.31,1.1622737337112428,33.361892223358154,69686.5930339098,0.17479811832326592,-16.07052993774414
536,C035666,low_mean_energy,2971488483218782882,4,hourglass,linear,0.1,13,14,14-13-13-14,1-2-3-4,5379,model_onnx/0536.onnx,24529,2026-09-17T13:59:04.706496+00:00,,,,60.67,60.72,1.1060790584564208,27.41254019737244,42986.34625172615,0.24093009537769025,-16.068103790283203
537,C006483,low_mean_energy,2775009537049986249,6,uniform,linear,0.05,12,12,12-12-12-12-12-12,1-2-3-4-6,7006,model_onnx/0537.onnx,32088,2026-09-17T13:59:04.760592+00:00,,,,58.87,59.08,1.1349686264038086,33.01912593841553,288789.8047260642,0.28438666514146077,-16.088319778442383
538,C016970,low_mean_energy,2411874805599073337,6,uniform,linear,0.0,13,13,13-13-13-13-13-13,1-2-3-5-6,8174,model_onnx/0538.onnx,36760,2026-09-17T13:59:04.818911+00:00,,,,61.43,61.44,1.082304400253296,33.02416014671326,617865.4940677285,0.239401273358851,-16.053157806396484
539,C036812,low_mean_energy,217650833133950520,5,inverse_hourglass,linear,0.1,12,15,12-15-15-14-12,1-2-3-4-5,7569,model_onnx/0539.onnx,33925,2026-09-17T13:59:04.867085+00:00,,,,61.3,61.3,1.0825139270782471,30.14835929870605,121551.90563511848,0.20764280293231643,-16.05815887451172
540,C017250,low_mean_energy,6560500304283218663,6,hourglass,linear,0.0,14,14,14-14-14-14-14-14,1-2-3-4-5,9432,model_onnx/0540.onnx,41792,2026-09-17T13:59:04.922059+00:00,,,,57.04,57.49,1.171992417526245,33.44692063331604,106885.21310514212,0.21947997755266518,-16.101409912109375
541,C024294,structural_diversity,561565286006443637,4,increasing,early,0.1,8,253,8-143-213-253,1-2-3-4,772801,model_onnx/0541.onnx,3094239,2026-09-17T13:59:05.028297+00:00,,,,80.23,80.29,0.5854025444030762,28.08034110069275,1739094.0443993807,0.9875514658917071,-16.0622501373291
542,C031625,structural_diversity,6294961474732386976,4,increasing,late,0.1,8,167,8-27-83-167,,149043,model_onnx/0542.onnx,598316,2026-09-17T13:59:05.073515+00:00,,,,62.98,63.02,1.052606997680664,47.70363450050354,332765.7046690583,0.2653919223463832,-16.07486343383789
543,C014691,structural_diversity,6879668738993468552,3,hourglass,early,0.05,15,255,255-15-255,,78820,model_onnx/0543.onnx,317023,2026-09-17T13:59:05.118299+00:00,,,,58.56,58.73,1.168007548713684,56.57779550552368,108780.96685262024,0.3983236723696665,-16.953962326049805
544,C006808,structural_diversity,1426900273476912386,5,increasing,early,0.1,16,254,16-139-170-206-254,1-2-3-4-5,1022549,model_onnx/0544.onnx,4093874,2026-09-17T13:59:05.230985+00:00,,,,83.78,83.82,0.5148266927242279,32.913562297821045,26496079.187939703,0.5247495514167648,-16.079345703125
545,C034451,structural_diversity,3393025648548860885,6,decreasing,late,0.1,93,243,243-174-134-123-93-93,1-2-3-5-6,927873,model_onnx/0545.onnx,3715590,2026-09-17T13:59:05.343403+00:00,,,,84.62,84.66,0.4952601603984832,51.475005865097046,614311168.5360653,0.34216441669231085,-16.059566497802734
546,C013764,structural_diversity,4417436345879027244,2,increasing,linear,0.05,21,252,21-252,,50998,model_onnx/0546.onnx,205321,2026-09-17T13:59:05.558041+00:00,,,,50.17,50.39,1.4058917337417602,35.453476905822754,3999.3098653554916,0.3812556088608429,-16.945022583007812
547,C019197,structural_diversity,2846302783027505630,6,hourglass,linear,0.05,14,97,97-63-14-14-65-97,,133585,model_onnx/0547.onnx,537311,2026-09-17T13:59:05.606584+00:00,,,,70.8,70.8,0.8474276322364808,50.41312170028687,54733763.63696337,0.33628602056238066,-16.068462371826172
548,C017678,structural_diversity,6001299402838833728,2,increasing,early,0.0,53,251,53-251,,123982,model_onnx/0548.onnx,497259,2026-09-17T13:59:05.649886+00:00,,,,55.94,56.07,1.2369367155075073,40.87704038619995,6457.866040915251,0.5922323453367565,-16.347747802734375
549,C013091,structural_diversity,3215771006653371590,5,increasing,linear,0.05,9,223,9-64-121-164-223,2-3-4-5,585688,model_onnx/0549.onnx,2346203,2026-09-17T13:59:05.748680+00:00,,,,85.61,85.67,0.4570541290521622,33.21662783622742,21460903.034863234,0.287943135059765,-16.069978713989258
550,C038326,structural_diversity,822941080045675780,6,increasing,linear,0.0,10,251,10-58-106-155-203-251,1-2-3-5-6,953757,model_onnx/0550.onnx,3819122,2026-09-17T13:59:05.868110+00:00,,,,81.04,81.05,0.5718071646690369,36.98489475250244,183854196.21235386,0.41145891906145055,-16.05982208251953
