feature,energy_importance,latency_importance,accuracy_importance
categorical__feature_growth_pattern_early,0.0013508588,0.0010781635,0.0013640905
categorical__feature_growth_pattern_late,0.0009618546,0.00081795885,0.0013432425
categorical__feature_growth_pattern_linear,0.002584351,0.0014176865,0.0010550807
categorical__feature_pattern_decreasing,0.0,0.00033279925,0.0
categorical__feature_pattern_hourglass,0.002024636,0.0009776213,0.0
categorical__feature_pattern_increasing,0.0015942422,0.0018497191,0.0
categorical__feature_pattern_inverse_hourglass,0.0,0.0,0.027803702
categorical__feature_pattern_uniform,0.002489466,0.0,0.0008058051
numeric__feature_activation_elements,0.060428277,0.060524132,0.008356261
numeric__feature_channel_1,0.005667847,0.0026578405,0.008365055
numeric__feature_channel_2,0.0032199763,0.0012634427,0.024269242
numeric__feature_channel_3,0.00314404,0.0017256729,0.018415604
numeric__feature_channel_4,0.0041209073,0.0013202957,0.08001508
numeric__feature_channel_5,0.0032289634,0.0010665201,0.009329183
numeric__feature_channel_6,0.0049467483,0.0014440076,0.0062707714
numeric__feature_channel_first,0.002605792,0.002459322,0.0072550867
numeric__feature_channel_last,0.0025703474,0.0012318778,0.019538995
numeric__feature_channel_last_first_ratio,0.0018502637,0.0013491762,0.027665485
numeric__feature_channel_max,0.0045194384,0.002001185,0.0046819937
numeric__feature_channel_mean,0.006548607,0.001154088,0.0015628124
numeric__feature_channel_min,0.003075016,0.00079391734,0.014681226
numeric__feature_channel_range,0.003846713,0.0016179743,0.006224945
numeric__feature_channel_std,0.003327592,0.0010995577,0.0072305333
numeric__feature_channel_sum,0.005814887,0.006322838,0.15719092
numeric__feature_conv_flops,0.46529564,0.3212701,0.0010471711
numeric__feature_conv_macs,0.36519703,0.5571107,0.0027638793
numeric__feature_depth,0.0013347059,0.0015461912,0.023950305
numeric__feature_final_feature_map_height,0.0027683873,0.0013480398,0.023522895
numeric__feature_final_feature_map_width,0.00064169616,0.0017603532,0.0
numeric__feature_grad_norm_score,0.0026585693,0.0013275397,0.005620205
numeric__feature_jacob_cov_score,0.00248328,0.00097387255,0.02203519
numeric__feature_parameter_count,0.0059246253,0.0035644036,0.10393867
numeric__feature_pool_after_1,0.005693908,0.0065951278,0.012857579
numeric__feature_pool_after_2,0.0023927786,0.004518907,0.0015898413
numeric__feature_pool_after_3,0.001213865,0.0011199906,0.0022688766
numeric__feature_pool_after_4,0.003908608,0.00064323744,0.0063880216
numeric__feature_pool_after_5,0.0017905991,0.0007650553,0.0019606566
numeric__feature_pool_after_6,0.0015095464,0.0005745656,0.0
numeric__feature_pool_count,0.0025124298,0.000754215,0.018862844
numeric__feature_synflow_score,0.0047535268,0.0016218178,0.3397688
