model_id,target_energy_j,target_latency_ms,split,predicted_energy_j,predicted_latency_ms,target_accuracy_percent,predicted_accuracy_percent
1,0.01710337803725,1.2274332186666663,train,0.017096704,1.1982496,,72.54274
2,0.005262527226963,0.412115778,validation,0.005486965,0.38200945,,55.37293
3,0.0028505521154354,0.236056384,validation,0.0037726972,0.28095743,,67.346504
4,0.0110708722754785,0.8987092736666666,test,0.016336044,1.149897,,62.76268
5,0.065585101872519,4.891702368333333,train,0.070489496,5.195985,,74.45538
6,0.0238733589370154,1.7816946413333334,train,0.025794346,1.8292472,,83.17444
7,0.0179994964998784,1.2721835126666667,train,0.016525147,1.2455981,,55.10971
8,0.0124008823559509,0.9071978313333332,train,0.014648807,0.9791056,,85.41698
9,0.0229500595410083,1.7623277816666667,train,0.025522873,1.8030502,,81.68265
10,0.0072518343018133,0.5781657423333333,train,0.008284379,0.62347287,,58.98305
11,0.0014857342268949,0.121484869,train,0.0013098681,0.12006668,,69.78671
12,0.0606554149906456,4.467616269,train,0.061175454,4.615615,,74.87897
13,0.0062759284846389,0.4861633746666666,train,0.0062503275,0.4718735,,79.93926
14,0.0016926240088799,0.1442993236666666,train,0.002182519,0.16018553,,55.987938
15,0.0168271504127387,1.2357408096666669,train,0.017999021,1.2561,,81.65127
16,0.0475930682275806,3.448114320333333,test,0.04790445,3.3650944,,70.6585
17,0.01868880569235,1.3640683176666666,test,0.01971793,1.3620882,,85.186966
18,0.0320988563494843,2.202213723,train,0.028546251,2.1321185,,53.737827
19,0.0234376073050102,1.6630005516666666,validation,0.02303807,1.4672881,,54.344055
20,0.0151591575480639,1.1200177116666667,train,0.013887656,1.1279448,,70.2817
21,0.0062485330334876,0.478305646,test,0.007890778,0.5292874,,85.16009
22,0.0044506308206383,0.3852647816666666,train,0.0056852917,0.41552648,60.43,60.425743
23,0.0176798502192851,1.297706947,train,0.018795859,1.2833813,81.17,80.643364
24,0.0079144548217043,0.6109128453333333,train,0.008031099,0.58724564,,64.13466
25,0.0510668667646274,3.8621951923333335,train,0.05825203,4.071019,,84.95833
26,0.0022405426194103,0.1823141439999999,train,0.0022456609,0.18861903,,56.97188
27,0.0067305164641829,0.5494093636666667,train,0.0066859615,0.58054394,,81.226585
28,0.0053954816057134,0.427272089,train,0.0049905456,0.40854058,,78.30226
29,0.0242976219817612,1.732020096,train,0.026233358,1.758964,,78.674965
30,0.040298592980743,3.133787116,validation,0.052870374,3.2644014,,80.31946
31,0.0341484522665427,2.5540192526666665,train,0.035290867,2.6860166,,70.035515
32,0.041248069146102,3.073280132,train,0.04769183,3.1456826,86.49,86.01954
33,0.0034785238803765,0.292451814,train,0.0039732093,0.3101444,,75.658875
34,0.2462892181387705,18.02814924666667,train,0.225985,18.351025,,81.30735
35,0.0460708435851104,3.346301917666666,train,0.051123,3.2561433,,73.6384
36,0.0420195006695903,3.125707311,train,0.04199166,3.1850152,,80.62738
37,0.0572356540264239,4.062284414333333,train,0.058556575,4.040659,,64.46477
38,0.0134407090273032,0.993611666,train,0.013692489,1.036014,74.21,74.27481
39,0.028094395126626,2.1166201303333336,test,0.030610422,2.0322115,,73.93093
40,0.0186428082928842,1.3233583416666663,train,0.02075087,1.3160479,,85.32548
41,0.0045347371766918,0.3948647276831046,test,0.0059537757,0.527455,,61.456768
42,0.0117028808759882,0.9262349941315812,train,0.013102461,0.93340605,,63.132854
43,0.0037164804063671,0.336319642225949,train,0.0038775555,0.30860662,,55.638306
44,0.0007379757878575,0.0640170892618381,train,0.00081202673,0.0630145,,67.79134
45,0.0232681890204593,1.7797457428501935,train,0.026356133,1.7864596,,71.616104
46,0.0684641054684376,5.136205910022753,train,0.07271541,5.164527,,84.27573
47,0.0260687614244043,1.870317759646388,train,0.027318755,1.9367484,,76.194336
48,0.0024580000987887,0.1960658573525817,train,0.00247534,0.19173664,,55.846268
49,0.0073552927121071,0.637132555543754,validation,0.011571231,0.8202315,,72.929794
50,0.0160858607706468,1.1575160830762818,test,0.017217154,1.1908835,,56.307793
51,0.0086444451401943,0.715728834459959,test,0.012912323,0.9572812,,64.242516
52,0.0045204357131976,0.3573212273246012,train,0.0040351166,0.32809666,,77.77341
53,0.0135423922288624,1.0543479385300414,train,0.0142866215,1.1038026,,78.76378
54,0.0595322102356336,4.470659641173812,train,0.062071994,4.587173,83.77,83.61208
55,0.0118544009709553,0.9659048269821464,train,0.013423536,1.0233412,,57.64354
56,0.0107200848779876,0.8319318882093676,test,0.011076724,0.920679,,85.18263
57,0.0649727426052959,4.682260174284802,train,0.06551397,4.7782865,85.08,84.927124
58,0.003270308580887,0.2794797246712965,train,0.0041485266,0.29450837,,56.600418
59,0.0068076816739257,0.5213937563226633,test,0.007983963,0.51770467,,85.40657
60,0.0646934126755835,5.107612117567965,train,0.07736742,5.5295467,,78.37584
61,0.0105541661372241,0.8249706745258544,validation,0.013140734,0.87834615,84.18,83.09384
62,0.2430152719880613,17.60029265905935,train,0.23114982,17.426237,,82.61556
63,0.0113108031545785,0.9073390607220194,train,0.0126813445,0.8983688,,81.62413
64,0.0033804285716678,0.2688018239332593,train,0.0033358722,0.25019804,,77.89878
65,0.0051601013412294,0.4493219851399874,validation,0.0067769806,0.4674449,,60.93611
66,0.0120262942940499,0.9677133109676812,train,0.013766302,0.99881786,,55.978794
67,0.0027874141379283,0.2266355974371907,test,0.0035233246,0.2403498,,57.924442
68,0.014124774034824,1.1366905836428836,train,0.015163664,1.15972,,57.419792
69,0.0489297584241961,3.7669982899936,validation,0.060729403,4.443683,,79.79072
70,0.0036408403049146,0.2363781467815525,train,0.0035127392,0.24045718,,58.557537
71,0.0025422265514363,0.2050017069645699,train,0.0023441983,0.18858066,,68.250656
72,0.0082027971965906,0.6497725742472749,train,0.008467337,0.63778895,,73.269325
73,0.0137747143946385,1.0285076200898688,train,0.0138550075,1.0406253,,75.65315
74,0.0115087070984067,0.9876852331760796,train,0.013732478,1.1330056,,70.22392
75,0.0121472816711671,0.903137322509236,train,0.013429048,0.9067626,,71.02452
76,0.0037515609369913,0.3462076203008091,test,0.0064120404,0.496301,,54.163197
77,0.0114331271967512,0.8794899097714182,train,0.01210292,0.8565115,83.37,82.38506
78,0.0312734312659077,2.531372243140292,test,0.035813443,2.7466953,,66.1427
79,0.0033568471379174,0.2819523574651197,test,0.0040672743,0.28647953,,79.293274
80,0.0103647554558934,0.79016674649382,validation,0.011218623,0.80510736,,72.180756
81,0.0434233141758967,3.11610344878364,train,0.04634817,3.1190367,66.03,65.96503
82,0.0116975655031407,0.9076460566165936,train,0.013202013,0.89838463,,75.70324
83,0.0046857407077828,0.3729535279123562,train,0.005267105,0.37111005,,78.016396
84,0.0139977203179301,1.0840680493973969,validation,0.0138070155,1.0810407,,81.836075
85,0.1140872105113419,8.584752638972432,train,0.10965002,8.378199,,83.8435
86,0.0030557992239946,0.2525440308331821,train,0.00343403,0.24628583,,58.361366
87,0.0045275983572039,0.3699112116403431,train,0.004680565,0.35243934,,67.09978
88,0.2443805584296242,15.127017704258003,train,0.21917354,15.416239,84.42,84.39491
89,0.0408153720303962,2.547534825416897,train,0.033647545,2.4253578,,77.0708
90,0.0694879148250317,5.033952659518035,train,0.07147138,4.9160876,,83.75394
91,0.0040110504420804,0.3267393421114754,train,0.0042394297,0.3243453,,70.38238
92,0.003502803004408,0.3013676199005795,train,0.003889116,0.30901214,,77.250206
93,0.0014422413691175,0.1204040792071028,train,0.0012187855,0.11620667,,63.405666
94,0.0071249067558598,0.5517475275429106,validation,0.0073629757,0.5300896,75.96,76.43436
95,0.0045649151139467,0.3576246232269396,train,0.0045207003,0.33529478,,59.422703
96,0.0006569777613802,0.0552632947678389,train,0.00081020576,0.054756455,,61.32424
97,0.006430607354401,0.5232536033945073,train,0.006865457,0.5319084,,66.689735
98,0.0064449773124673,0.5173305912678147,train,0.0064555337,0.50914997,,56.41339
99,0.0274249045206119,2.037696289992089,train,0.029672572,2.039662,,76.02037
100,0.0056052923144896,0.480816759501964,train,0.0055077053,0.45183367,,74.916405
101,0.0610890906353715,3.7608170714103424,train,0.057021238,3.7509334,,66.36248
102,0.0093452718426891,0.5905417761070624,train,0.0085332105,0.59553444,,76.19747
103,0.0849443992348342,5.3735458669801766,train,0.08608534,5.551355,,83.27325
104,0.0118114652550038,0.8159368588139582,train,0.011332645,0.8312251,,69.68815
105,0.0077652869644178,0.5614289333354132,test,0.0109215975,0.7311261,,73.233345
106,0.005096189592358,0.3624390051651515,train,0.0044801994,0.3335217,,58.90306
107,0.0377295911222877,2.333358737534578,train,0.03188544,2.2202473,,71.657684
108,0.0212877060848248,1.4256130678749523,test,0.019713132,1.4008751,,77.06787
109,0.062425005151078,3.890565998801569,train,0.059092168,3.9792926,,78.34881
110,0.0021330938014934,0.1495101693671713,train,0.0020847034,0.15662235,,69.41537
111,0.0502603421214645,3.143691430560359,train,0.046560816,3.1040246,,80.66847
112,0.2693138089499891,16.830790946101818,validation,0.21824412,16.003712,,81.06341
113,0.0035719747459825,0.2539427537920781,train,0.003743504,0.26140082,79.35,79.258415
114,0.113712354721056,7.076222165132576,train,0.1073332,7.2344446,,84.81039
115,0.0238494793619163,1.5182772523895784,test,0.022753058,1.7120233,,84.21426
116,0.0410116702199192,2.4824628190625946,test,0.031204244,2.26478,,73.09449
117,0.0321834937549113,2.153031225821026,train,0.030221893,2.0719287,,78.44417
118,0.0120704080044407,0.8025658561268679,train,0.012083199,0.8280891,,55.133987
119,0.0092129069970523,0.6404310164382556,test,0.009487952,0.796195,,81.87223
120,0.0028117520786756,0.1999373158365229,train,0.0023309248,0.19362172,71.48,71.18997
121,0.1480547460794739,8.963590933729472,train,0.11612784,9.416477,,82.903015
122,0.0030533843817294,0.2254151745448691,train,0.0034363184,0.25035712,,58.694836
123,0.0272705833440743,1.6765688919846276,train,0.024008147,1.7309546,,82.50159
124,0.0264273411787669,1.6201427674412188,train,0.022124592,1.6379224,,75.90343
125,0.2952002713482779,19.082714956051507,train,0.22877534,18.776117,83.62,83.8437
126,0.0041493501612894,0.2823135835698082,train,0.0038526382,0.27958512,,71.959656
127,0.0126705110269852,0.8171973613533421,train,0.013414226,0.9515681,83.99,83.677155
128,0.0341231718457886,2.1856446530968565,test,0.030647345,2.0314631,,69.07905
129,0.0071280980219475,0.495635100219099,test,0.00594833,0.4833189,,68.93114
130,0.0060629315876301,0.4327876460590258,train,0.0056182467,0.4308293,,68.39491
131,0.0037305872666124,0.2610304126647763,train,0.0034449773,0.25724506,,63.946884
132,0.0439365190528603,2.7386523854099023,validation,0.03551755,2.8095481,,82.16552
133,0.0720539100343796,4.3918209858062855,train,0.062606126,4.3440747,83.52,83.62194
134,0.1027604781232096,6.357341071314688,validation,0.09677094,6.6346946,,71.83045
135,0.0036547137409273,0.2508510008249843,train,0.0040097046,0.2588596,,78.976204
136,0.1705160256597583,11.121045490937767,test,0.19057877,12.001559,,84.65701
137,0.0475688006099756,2.950876190162695,train,0.046827603,2.852513,,63.155903
138,0.0122324390272776,0.8553986505453687,validation,0.014419182,0.9341382,,62.84174
139,0.0160625650138707,0.9809442671212272,test,0.01527576,0.9474255,,64.16523
140,0.1900215363631838,12.507839417976747,train,0.19332108,12.207917,,79.6006
141,0.085707215379176,5.290353150485118,validation,0.07883416,5.0353427,,83.3438
142,0.0059557881165394,0.4103724749085398,train,0.006120367,0.40280268,,83.63174
143,0.0035282411683091,0.2630595833717034,test,0.0035298073,0.2689157,,76.074974
144,0.0339274096265723,2.1626395238214253,train,0.03435763,2.251809,,85.7878
145,0.0989323759371485,6.184843513158103,train,0.08181211,6.246731,,75.46589
146,0.0290588364618222,1.9250118242284189,train,0.02774934,1.97407,,81.7876
147,0.002935702643221,0.2234412584236921,train,0.004286559,0.30874345,,81.750755
148,0.0083766914302693,0.5885747938501711,validation,0.008299859,0.5844218,,72.26946
149,0.0058234417526668,0.4333418850021187,train,0.007018903,0.5085217,73.86,73.29015
150,0.0289704924500333,1.7137782639473444,test,0.023521125,1.4020214,,72.78609
151,0.0482402549130023,2.9863507572476,test,0.043240834,3.0372648,,68.22151
152,0.0177481447815309,1.1702585895422497,validation,0.01761202,1.2773268,,64.427185
153,0.0027331526291783,0.1925894543280535,train,0.002456373,0.19126405,,57.859516
154,0.2572808343669643,16.02117951561829,validation,0.20656157,15.758333,,77.09766
155,0.0299003775234632,1.908673513612797,train,0.029515827,1.996466,,77.43167
156,0.0055184122164868,0.3895014119685955,train,0.0051661334,0.36702403,,58.95768
157,0.0581537504302239,3.5453244080905337,train,0.05238658,3.4541426,,81.49068
158,0.026220133763747,1.6045665048428672,train,0.020335138,1.6466633,69.84,70.9494
159,0.0101512026793388,0.7360844546618516,train,0.0111984685,0.80368644,,68.2586
160,0.0052053563482368,0.369094071371603,train,0.0044805156,0.34413713,,79.35961
161,0.1063500307215067,6.931150938282679,train,0.10202028,7.2402563,,82.08441
162,0.0157642124412036,0.9768424910842332,train,0.015217368,0.9662201,,63.703815
163,0.004699019975642,0.3198419938847511,train,0.004359206,0.31018785,,53.930317
164,0.0159139715548912,1.0214736670576938,train,0.01354958,1.0363574,,80.25338
165,0.0092148459044323,0.6372673791822008,validation,0.00890101,0.55165523,,84.084335
166,0.0057784355401652,0.4025020488188111,validation,0.0053732945,0.39351618,,54.72371
167,0.0025263840028671,0.1826514963606651,train,0.0023467336,0.18279506,,57.2945
168,0.0115709357106455,0.7574294298048595,train,0.011093243,0.763032,,62.783257
169,0.034590709114467,2.106248163318566,train,0.031287752,2.0562139,,63.3376
170,0.005073583056919,0.3620277994466083,train,0.0044923313,0.3336905,,58.920345
171,0.0316556957812223,1.9223953236834264,train,0.030088361,1.8889301,,77.81799
172,0.0244030708740314,1.467066847828253,validation,0.020291027,1.4474635,,84.10857
173,0.0062718653050196,0.4348649318008788,train,0.005355785,0.4098895,,79.37931
174,0.0191409583451695,1.2158446607087832,train,0.017469265,1.2219452,,77.955086
175,0.005944840244639,0.4360665408802207,train,0.006188955,0.44736725,,59.542217
176,0.0059986233891175,0.4293194010316304,train,0.0049934783,0.38490295,69.13,69.474266
177,0.0024218835975873,0.1753472092895691,train,0.0024361475,0.17474802,,71.15946
178,0.021309926619845,1.3736740123840314,train,0.020116882,1.4128432,,83.671616
179,0.0335963755852347,2.002940652994313,train,0.030033862,2.0270476,,84.78563
180,0.0059940866706845,0.4192265034737453,train,0.0059398864,0.42971554,,72.93358
181,0.0099718894925336,0.6334379803886822,train,0.008346122,0.5740996,,53.79832
182,0.0190555877853553,1.284630398831215,train,0.018367194,1.2854295,,70.58001
183,0.3220275481536853,19.573504820094406,train,0.23094189,19.57882,81.56,82.162125
184,0.0497571804470032,3.154584047933631,train,0.047509328,3.1908512,,76.645805
185,0.016495786734799,1.030197825209029,validation,0.0133323725,1.0433227,,79.95266
186,0.0013853949102296,0.1032912664434962,test,0.0010234112,0.094571024,,69.35022
187,0.0024456362455996,0.1750480972606648,train,0.0025264905,0.17838174,,78.438675
188,0.042452857122846,2.5938313430725537,validation,0.035334848,2.879393,,85.558235
189,0.009389456713291,0.6696886571305063,test,0.008854605,0.76409304,,72.988235
190,0.1160411702665353,7.247824092368317,validation,0.1105501,7.6089344,,83.123276
191,0.0329274330420626,2.0067337985633817,train,0.029866623,1.9543828,,69.47694
192,0.0110085422817143,0.7267198166121098,train,0.010590382,0.78786075,,78.59449
193,0.0102616010568798,0.6655027662157014,train,0.009574718,0.7262212,84.63,80.064445
194,0.0498903051980037,3.023914956112907,train,0.051032387,3.0620246,84.65,84.96102
195,0.105667473714691,6.527812816907153,test,0.097866476,7.222712,,68.15972
196,0.0334492590657182,2.0578971610052137,train,0.029729394,2.0984592,,57.917236
197,0.0127700962787418,0.8678339551062055,train,0.010800886,0.8044341,,54.293724
198,0.0268670370784468,1.6729191440425342,train,0.027444143,1.7128136,74.65,74.53412
199,0.0519344212528298,3.151354093501092,validation,0.046556093,3.1015694,,79.94565
200,0.0486162957292069,3.117068783122307,test,0.042996023,3.1553342,79.84,80.32223
201,0.0226319089848998,1.5263040112192958,train,0.020706259,1.5564585,,54.670975
202,0.0238598057199407,1.4741793905246048,validation,0.018720202,1.383096,,76.01722
203,0.0013084977861961,0.0945344586820396,train,0.0012231701,0.09810724,,56.06921
204,0.0075368607963586,0.5046503029044302,validation,0.007765091,0.4530962,,83.32032
205,0.012387926955724,0.7875531979818335,validation,0.012311657,0.8301038,,72.00806
206,0.0338718109922164,2.02106810484872,train,0.028223507,2.0635402,,53.866806
207,0.0917215224844393,5.563903552869582,test,0.07842341,5.16019,,81.022896
208,0.0179457867392169,1.097166229387066,validation,0.012800542,1.0366514,,78.00868
209,0.0140110895992932,0.8894811051275651,train,0.013984204,0.88446325,,56.594807
210,0.0078538982476332,0.5467384243615744,train,0.0069370503,0.4976772,,60.219875
211,0.0194889197999115,1.2431859813185626,train,0.018391205,1.2569976,,81.34958
212,0.0106980277260474,0.7153661954075051,test,0.0110232495,0.81733733,,81.38372
213,0.0635333046413809,4.1933983771473695,train,0.065810785,4.6651983,,70.18157
214,0.0273888788200058,1.6314383866059614,validation,0.021863071,1.4626961,,70.88034
215,0.0040426602327629,0.2832589270192702,validation,0.0038373545,0.28490615,,61.176624
216,0.0206382275043216,1.2729151668098209,train,0.016949797,1.209739,,75.73814
217,0.091256564619227,5.798228201528499,train,0.09161563,6.417956,,78.252754
218,0.0023666274629023,0.1668742856236411,train,0.0022595257,0.16826716,,56.905163
219,0.0051345983247525,0.367381582800501,train,0.004975166,0.36519426,,73.53041
220,0.0677474236181113,4.01904680707371,train,0.06230029,3.9601674,,78.04115
221,0.1572978057887669,9.595149996032164,train,0.16016427,10.119378,,81.401955
222,0.0319249695174068,1.9676880583114416,train,0.02694041,1.9861635,,85.71396
223,0.3747841952974684,22.87371837112721,validation,0.20710866,17.333279,82.05,82.18926
224,0.0299428185361557,1.8179166174534,train,0.028266424,2.0820699,,80.86539
225,0.0177434718046642,1.0522074590184556,validation,0.013600686,1.1301726,,84.99981
226,0.012155447113478,0.7808725473137774,train,0.01198237,0.7821217,,55.222546
227,0.0048420503877875,0.3242202261250989,train,0.004498918,0.318878,,58.04479
228,0.0527401888433064,3.123187715511292,validation,0.041739367,3.2180142,,63.759476
229,0.0119196625508045,0.7849214262412454,train,0.012559111,0.7845038,,72.49556
230,0.2804821746242517,17.01422086589429,test,0.22127269,18.099318,,82.02849
231,0.115671061475693,6.796690339068752,test,0.100976355,6.531475,,85.3003
232,0.004618082283726,0.3138302613837737,test,0.004212635,0.31043142,,77.65014
233,0.0433541060287059,2.732185019063703,test,0.04620281,3.224132,,85.46696
234,0.0131164819920023,0.8283616885143507,train,0.011711433,0.8257304,,72.9478
235,0.0210706237123093,1.2745559051101325,train,0.017793458,1.2287736,,79.78599
236,0.0039008769069214,0.2786442052372491,train,0.0039047063,0.26366955,,56.895096
237,0.0612523392066153,3.735854849999938,train,0.056440324,3.624767,,60.513706
238,0.1071568469698503,6.435550707506643,validation,0.09732818,6.4630117,,76.64686
239,0.0078123849631731,0.5671414053565595,train,0.0076340167,0.5739885,,73.04796
240,0.0070017871977245,0.4900646162870011,test,0.009301117,0.7490145,,80.792175
241,0.0786470993722356,4.651785340878645,train,0.067071624,4.6824117,,81.708466
242,0.0060405838640495,0.4014221625250874,train,0.0049752914,0.37614748,,59.793106
243,0.01990528006155,1.1911045523917372,train,0.01715061,1.1597236,,82.06009
244,0.0069483506661791,0.486328241782048,train,0.0074455743,0.51968485,,76.54706
245,0.0057871437984631,0.4152485659059863,train,0.005714139,0.4431713,,58.227962
246,0.0070151266430241,0.4665717993880777,train,0.006392429,0.4687674,,79.85402
247,0.0335910329635745,2.02289124851789,validation,0.02898288,2.1238215,,85.13903
248,0.017205567203398,1.0430364485324843,validation,0.013365899,0.9431777,,55.151756
249,0.1194754956359734,7.293747504021532,train,0.10328071,7.2435665,,79.13601
250,0.0711959911484862,4.353317236356284,validation,0.061568696,4.67505,,76.57058
251,0.0954292676637769,5.882440854651374,train,0.08445321,6.1798615,,73.92362
252,0.0084638876745593,0.5942190969986565,train,0.008319663,0.59185064,,55.553425
253,0.0197130454984071,1.207954672247317,train,0.017886128,1.2137244,,56.724922
254,0.0161634066673681,0.9641354841058024,train,0.014329878,0.9417401,,64.87769
255,0.0877825763826037,5.428337532293835,train,0.08483236,5.454797,,85.24228
256,0.031720525065197,1.882267474424514,train,0.028477779,1.9207823,,75.17456
257,0.1032475394890706,7.112304261288442,train,0.11438098,7.7700787,,80.86185
258,0.0466876778166348,3.0395767448812534,train,0.046295024,3.117611,83.63,82.16499
259,0.001187770444355,0.0838614693047935,train,0.0011640724,0.08429113,,56.840096
260,0.0236496012970089,1.4239794197666014,test,0.019132497,1.3605151,,81.25167
261,0.0029746866787546,0.2192432065691946,test,0.0039094533,0.2664303,,57.55271
262,0.0497024768754694,3.253053529905507,train,0.05216711,3.254774,,80.91837
263,0.081938577687994,4.984740802633538,train,0.07136677,4.9867373,,80.14328
264,0.0252829146216077,1.5937343996513451,test,0.024491077,1.7173616,,67.841576
265,0.004177041305562,0.3025215954252168,train,0.0038545472,0.27933964,,57.84921
266,0.0712918451844154,4.340303813594595,test,0.06278291,4.7270665,,84.635056
267,0.0027725979844005,0.1958446135077645,train,0.002347178,0.19213857,,76.47652
268,0.0356452672859273,2.041806229422873,train,0.029487977,2.0490496,,51.401222
269,0.0035943794985674,0.2645942229927375,train,0.00504807,0.35187438,,60.073467
270,0.0023722140210886,0.1632895885668033,test,0.0022758958,0.16876902,,56.905163
271,0.0056146688510562,0.4147158205779788,train,0.006923875,0.47753116,,59.067207
272,0.0037792444702173,0.2758979688493332,train,0.0038162165,0.27477017,,55.47855
273,0.0210540784807879,1.2962729469149128,test,0.017596567,1.2894106,,62.95086
274,0.0047765455154015,0.3201130025462895,validation,0.0038586794,0.31358606,,76.7759
275,0.0238565948980584,1.5425074233918137,train,0.02531568,1.7103887,,73.02149
276,0.023355357623313,1.4041525744138994,test,0.02042906,1.4079497,,72.1061
277,0.0549464499742855,3.2691057642263184,train,0.04831019,3.2456543,70.08,70.87206
278,0.0287034909126435,1.7732035928992065,train,0.026069172,1.7573072,,72.718575
279,0.0209721087938944,1.3246869492382047,test,0.018017396,1.3252624,,53.7895
280,0.1365034115612008,8.365688396512533,train,0.12257222,7.976521,,73.64708
281,0.0689956193654648,4.221334062861343,test,0.060236685,4.310895,72.16,76.26448
282,0.0121927488593165,0.8102666598554263,train,0.011882447,0.8033178,,77.052925
283,0.0023644278530794,0.1781573460511444,train,0.0024338893,0.18676971,,53.855698
284,0.0117513505166767,0.8124468627799781,train,0.011734333,0.8159942,,76.72528
285,0.0027975319120404,0.1929963205467093,validation,0.0025754415,0.18862873,,71.084
286,0.0736394787234863,4.576817034304023,train,0.061980676,4.9151835,,68.65451
287,0.0066615229956563,0.457710411697158,train,0.0059300745,0.44795993,83.31,82.32477
288,0.0113059233049569,0.7331311102896055,test,0.011601496,0.83569086,,81.18193
289,0.0077646560891884,0.5230929046707923,train,0.0067173676,0.51374483,,54.457676
290,0.0113967703366232,0.7584420252695363,train,0.011064747,0.826668,,80.62297
291,0.1111042190777789,7.050547974028606,validation,0.09060904,7.4564643,,77.569824
292,0.0387867200456405,2.325769516385787,validation,0.031278778,2.3372731,,80.949135
293,0.0024708111199119,0.1708926101086666,train,0.0022782185,0.17475334,,56.905163
294,0.0064236329947192,0.4276157970246191,validation,0.005872272,0.4140376,,81.39906
295,0.0021811285687048,0.1532534717142654,train,0.0022434553,0.15934889,,72.199844
296,0.0139930404513299,0.9334929722598504,train,0.013377625,0.9417705,,73.38856
297,0.0048051779282051,0.3183935690324446,train,0.0044130967,0.31649736,,58.645687
298,0.168352330909091,10.07878006503166,validation,0.18101452,8.4151325,74.65,75.09261
299,0.0010951081390605,0.0781089528440495,train,0.0010236186,0.07651459,,56.989716
300,0.0175202813646571,1.14247319584537,train,0.017349482,1.1510143,,72.92055
301,0.0035875672073782,0.2490782377837229,validation,0.0037041341,0.2518161,,54.067783
302,0.0341976363919715,2.048898726765488,train,0.03271495,2.0158155,,70.673096
303,0.0147178514260835,0.9294681536531304,train,0.013091694,0.9329914,,56.315857
304,0.0287611240336278,1.8311739258370767,train,0.03276522,2.0341923,76.01,74.83211
305,0.0144737243616538,0.9259777265135988,validation,0.012807874,0.93079156,,81.828835
306,0.1304654385362213,7.852724509210472,train,0.11898484,7.9203496,,80.91709
307,0.0164955511825107,1.0116972876859798,train,0.014167388,1.0129771,,79.52079
308,0.0033146771415418,0.2233751767169961,train,0.003485358,0.23935448,,67.695786
309,0.0498837560637359,3.050533430030776,test,0.0487768,3.0570173,,81.40437
310,0.043639131549911,2.715561154251305,test,0.038377278,2.841144,,74.50282
311,0.0151177761545178,1.0158881132517978,validation,0.013039784,0.9908064,,75.84248
312,0.0727575945731548,4.432782500052902,test,0.06417321,4.376281,75.95,75.607315
313,0.0199445233596669,1.2441362859569205,train,0.018502448,1.250615,,67.16756
314,0.0475050467281026,2.890174301266418,train,0.04674809,2.8977287,,62.33817
315,0.0193394063373932,1.1516624620916405,train,0.015660034,1.1794925,,83.705574
316,0.0183574197618314,1.1113677729173888,train,0.017299315,1.0424305,,72.45494
317,0.0086741241675587,0.5751358578867978,train,0.006631166,0.5142315,,58.41676
318,0.087167040659101,5.645827959816983,train,0.084235266,5.8158216,,74.964584
319,0.0100923814526522,0.6442295997996239,train,0.008274912,0.6176335,,76.43731
320,0.1581609234772597,9.562339271482394,train,0.13607267,10.275738,81.69,83.59928
321,0.0219361345813544,1.2725947000645288,train,0.019677283,1.294128,,72.92272
322,0.0203660716778136,1.3472118755537157,train,0.023764469,1.454171,,65.12752
323,0.0099174767897701,0.6860067410335737,test,0.010999968,0.7793987,,65.92802
324,0.0166322670322508,1.1049227672257824,train,0.017490668,1.2358963,,82.408
325,0.0437404900861996,2.577386747035561,train,0.040226687,2.7091153,83.7,82.74269
326,0.0027480539948921,0.1901212266304235,train,0.002353499,0.18840833,,72.78815
327,0.0677339043704123,4.072559005690252,train,0.05897344,4.199723,,85.580124
328,0.0108027928219588,0.7193486419639509,train,0.011024344,0.7376759,,72.75362
329,0.0232402646472245,1.446416984751378,train,0.021740578,1.4983717,,56.81274
330,0.0742513314484558,4.4992361373226,train,0.07607421,4.9742203,83.35,83.30301
331,0.065364408588633,3.8455685866682496,test,0.05668751,3.6318753,,72.61668
332,0.0064728694678846,0.432505530128222,train,0.005635,0.42073283,,59.857285
333,0.0103091577195272,0.6641866894061099,train,0.009070129,0.6697048,,80.53812
334,0.002368151853306,0.1676933268804385,train,0.0017296188,0.16618066,,58.73564
335,0.0124671179501381,0.794101026165526,train,0.01222235,0.8029408,,65.12454
336,0.0047887790461222,0.3501940867382476,test,0.004371481,0.33457768,,59.55793
337,0.0036543005029011,0.2518712248203504,train,0.003708726,0.25281054,,72.330246
338,0.0075469509812301,0.5075970574011676,train,0.0062571536,0.47508726,,54.707355
339,0.0437970326144265,2.8176222868997223,test,0.043304842,2.801113,,76.60618
340,0.0520598656895946,3.316057948495782,train,0.052802652,3.5548224,,84.97169
341,0.0007630669506792,0.054469472331131,train,0.0008750907,0.055386372,,68.22268
342,0.0097616646599857,0.6297670795292474,train,0.0093036,0.6446638,,54.069653
343,0.013944845528825,0.8624097042140059,validation,0.012915893,0.8994339,,74.15425
344,0.009339139300043,0.5833526710049316,train,0.0072168214,0.5632072,,81.54125
345,0.0283733780478141,1.755473358995101,train,0.027904779,1.8777072,,54.98572
346,0.0044497062066134,0.3015957163195203,test,0.0038233893,0.27633852,,77.71354
347,0.0640120724122878,3.822861457011679,train,0.056065366,3.7783935,,82.755936
348,0.0186577033462647,1.1597162561652858,train,0.017124804,1.1586905,53.92,54.355995
349,0.0145460468500427,0.8953549722620078,train,0.01332739,0.8864057,,75.934654
350,0.0136406821121352,0.8716179787416601,train,0.013375538,0.89158654,,55.301067
351,0.0044512864211857,0.3108577398316876,train,0.0040751714,0.3120484,,77.5829
352,0.0174823165625709,1.073707099232276,test,0.018252812,1.3185956,,82.99392
353,0.0222611663838789,1.3407188703098107,train,0.019481637,1.3751191,,85.36937
354,0.0076898929763258,0.5564151111197047,validation,0.008520947,0.7013657,,73.29343
355,0.0125653432840256,0.8263922542368044,train,0.013883849,0.90077645,,85.20795
356,0.1357737679262482,8.011846855434728,train,0.11936982,7.77115,,83.45481
357,0.0023829370256388,0.1631848758569891,train,0.0022318645,0.16605747,,57.06667
358,0.0134207741709876,0.8360002793959899,train,0.0126491245,0.85959136,,55.38382
359,0.1289370617330464,7.592816537841403,train,0.11808165,7.41398,,69.11053
360,0.3113586809865327,18.840181051539265,train,0.2327918,18.348143,,82.63743
361,0.248082343704579,15.363179521679628,train,0.22781241,15.574872,,81.39756
362,0.0036295958502717,0.2556062482235974,validation,0.003595155,0.2553861,,73.2444
363,0.0152451317907727,0.9441336332165112,validation,0.013217079,0.98173594,,71.81999
364,0.1285091005914865,7.701775110176634,train,0.12370616,7.8438816,87.39,86.39286
365,0.0050499435126838,0.3502558674944272,validation,0.0050872187,0.39842424,,80.31539
366,0.0035500381642877,0.242112585987868,validation,0.0035747534,0.25046384,,57.7195
367,0.050802399851247,3.0515286199231366,test,0.044933163,3.1423244,,74.76898
368,0.0206214381805822,1.2744259689130617,train,0.019468376,1.3694013,,52.9949
369,0.0085665852713381,0.5521221460386564,validation,0.0063851546,0.5012299,,79.75913
370,0.0244476750180841,1.490451300232697,train,0.022595273,1.564904,,76.912315
371,0.0113600454421689,0.7235454133189179,train,0.010400358,0.7293048,,76.21609
372,0.042409233204489,2.666584563870765,train,0.038219087,2.7305362,,84.70804
373,0.0059675459787517,0.3917857175038566,train,0.0055853226,0.374908,,55.589638
374,0.0041514383115499,0.2874984798341061,train,0.004002388,0.2802884,,72.28745
375,0.0011236541028455,0.0782085440771204,train,0.0010010423,0.07694397,,61.717907
376,0.0301947343359709,2.054401678400287,train,0.029342545,2.09784,,69.139244
377,0.0308444642878192,1.846170742137305,validation,0.02631249,1.9609691,,72.81352
378,0.1324482777433386,7.797097349551852,validation,0.09792374,7.851559,,80.96745
379,0.00694115823076,0.4569461446941841,train,0.0064511667,0.4697843,,58.66688
380,0.0247467586170078,1.6411985727858538,validation,0.02921726,1.78342,52.24,52.718704
381,0.0089457368067732,0.6214065955324469,validation,0.008611549,0.65313417,,82.86823
382,0.1643884249935437,10.030640673136451,train,0.1682606,11.061536,,80.66658
383,0.0159129871507229,0.9824949129455044,train,0.013625008,0.93619263,,68.933395
384,0.0033030123701096,0.2262150217492276,train,0.002767696,0.22556618,,71.14812
385,0.0147075203967286,0.9563020493427428,train,0.017159559,1.1381334,,72.56567
386,0.1103275167562989,7.3873521155099615,test,0.10667772,8.421422,,83.23116
387,0.0234245285168301,1.4812465910106631,train,0.025360439,1.5133666,,52.41288
388,0.0147936904088419,0.8823126763565623,train,0.012564209,0.8541447,,81.40563
389,0.0151345081539666,0.9494882152697324,validation,0.014268635,0.9656272,85.89,85.677475
390,0.0865768262873374,5.093948536325549,train,0.07702084,4.8680377,,69.366234
391,0.0075984029228612,0.5080944259318015,train,0.0067872354,0.47826344,,60.120167
392,0.0213730253356968,1.348879140768624,train,0.01945216,1.4158128,,84.7134
393,0.0455713967101322,2.643912206426944,test,0.0388148,3.0163734,,84.75712
394,0.0128339296158243,0.8108623822285371,train,0.011925131,0.8405679,,74.27291
395,0.0199018890167117,1.1724934387435495,train,0.016205091,1.2490753,,85.13957
396,0.0091506143277504,0.6107557381284605,train,0.008870948,0.6345923,80.65,80.496544
397,0.0018191240344491,0.1295438907524269,validation,0.0014522014,0.14426337,,55.70791
398,0.0287665664879437,1.707989580273038,validation,0.022396132,1.8827989,,69.17589
399,0.0039778849538952,0.2739697235998056,test,0.0039995513,0.30140334,,58.174347
400,0.0015376883011898,0.1080072376031885,train,0.0011755301,0.10638516,,70.39806
401,0.0467844441409858,2.743528784133758,validation,0.036332294,2.8097026,,76.136055
402,0.0019046346886807,0.1379631176823304,validation,0.002945242,0.21473414,,56.626736
403,0.1063477145531664,6.578012488191303,train,0.09521945,6.468482,,80.36028
404,0.0295344943321081,1.770802018171472,test,0.02808854,1.6789235,,81.785385
405,0.0041680161425272,0.2779794806724175,validation,0.0044272156,0.30245635,,79.29823
406,0.0033035440169213,0.2417734405569029,test,0.004919422,0.37016076,,81.08284
407,0.0133928871581249,0.8460870829620956,train,0.01284609,0.8614896,,53.96965
408,0.0051793143374827,0.3553363156926444,validation,0.0048975144,0.36400625,,67.96382
409,0.0846560728367572,5.042522259280839,train,0.07699728,4.982412,,84.578064
410,0.0633380475541639,3.961660353213256,train,0.056279864,4.4445615,84.59,82.664505
411,0.0103546579770983,0.6612528218704945,train,0.009276932,0.659358,,85.526535
412,0.0074722030357022,0.5473316859857904,train,0.008336632,0.56175506,,52.30405
413,0.0208625565826892,1.3650524069062462,train,0.0185264,1.4006057,,76.045105
414,0.0286182918548991,1.917845350513172,train,0.027994875,1.9881552,78.41,78.54965
415,0.1236412637152972,7.454096609674238,train,0.105752304,7.3014617,,75.86888
416,0.0075868785376129,0.5206782247832126,train,0.0075009903,0.51791024,,67.23953
417,0.0632519516853625,3.8719713229701673,train,0.06061769,3.8532176,,79.66726
418,0.0810880116913818,5.004074279260504,train,0.07556237,4.9649277,67.52,67.4118
419,0.0963649658792347,5.685425813607607,train,0.08684694,5.6553974,,80.74591
420,0.0029374763991797,0.2149685106875037,validation,0.004097015,0.31243458,,79.7946
421,0.0502291008487975,2.9386652138103204,train,0.04822638,3.0967507,,84.50937
422,0.0078719281508393,0.5353187162606481,train,0.00724305,0.5361637,67.09,66.53454
423,0.0395558731790648,2.429074254119379,validation,0.034641463,2.6460836,,62.838833
424,0.1938116049221024,11.488500769988802,train,0.1785592,11.633308,,80.02189
425,0.0095049007972551,0.6226886555339101,train,0.008670999,0.5932808,,80.880394
426,0.0024077046333471,0.1701261085972113,train,0.002426657,0.17580175,,57.949398
427,0.0064226629470167,0.4325033350943799,train,0.0067044366,0.43666437,,81.55205
428,0.0023612604031106,0.1641345804354296,train,0.0022256558,0.16592747,,57.06667
429,0.0034423147067496,0.2388899988502466,train,0.0038684544,0.27017802,,56.793144
430,0.1201151617241279,7.479440567210973,train,0.10969217,7.484717,,78.61783
431,0.0224687780056654,1.390763640203195,train,0.02109735,1.4374765,,84.98846
432,0.0019921847517429,0.1381031620113955,train,0.0019430231,0.13705733,,64.07299
433,0.2631362711518921,15.495260010673944,test,0.21550494,15.469185,,82.8264
434,0.0914259858802258,5.414305485267227,train,0.07850948,5.2481704,,80.41696
435,0.0138114917683642,0.8580856582253061,train,0.012839347,0.86298704,,64.41499
436,0.0166470650231932,0.9945730938511436,test,0.012892863,0.9789224,,77.29055
437,0.0153780299117121,0.971224275258062,train,0.013284043,0.9815543,,55.788036
438,0.0045943249273785,0.3283762537107152,train,0.0048614577,0.35685882,,60.142147
439,0.0047401120439244,0.3557808802948732,train,0.0065675355,0.4480568,,60.690353
440,0.007527387548733,0.4875436241087704,train,0.006398907,0.49312565,,69.8296
441,0.0053566502080445,0.7295029680868276,train,0.008409748,0.7237327,,78.8307
442,0.0520195541476238,6.298090122020832,train,0.06151093,5.302194,,75.624985
443,0.0767041700456054,10.36665301412765,train,0.10398761,9.3810625,,83.65911
444,0.0079726446221855,1.0795445731334736,validation,0.010247897,0.8515517,,85.04977
445,0.0020938486001885,0.2750065615517838,train,0.0024823623,0.250482,,58.995243
446,0.0155875657054032,1.621064834979487,train,0.018117271,1.424076,,56.292267
447,0.0347548513724149,4.36412862833774,train,0.04100892,3.5200286,62.79,65.62418
448,0.0061399833019476,1.0460222346863453,test,0.006636867,0.44354033,,53.660366
449,0.0124469289943631,1.623300359691065,train,0.018141521,1.4134,,70.12657
450,0.0066404727672456,0.9829991546328228,test,0.010791119,0.67343444,85.63,85.033775
451,0.0686149998114701,10.66633219774066,test,0.13125527,8.991468,,83.65434
452,0.0016209729680345,0.2477587359940336,train,0.0037419067,0.29271325,79.77,79.796486
453,0.0033171360142226,0.5364938320984676,validation,0.0050014565,0.36048797,,56.758194
454,0.0116307390816823,1.7359190624815075,train,0.015519166,1.502427,,79.24917
455,0.0360836416746491,5.422115205308505,validation,0.062136967,4.3946376,,72.899826
456,0.0172709636484997,2.567483712997792,train,0.02437291,2.0617518,,57.80875
457,0.0946686588653653,12.400551704868672,train,0.11076192,11.603942,,80.69278
458,0.0046951183783658,0.9548747269233052,test,0.017138781,1.10917,,56.80057
459,0.0034669404713128,0.5655894277042288,validation,0.0064709154,0.5237202,,59.810318
460,0.0145283629539609,2.67049591115166,validation,0.030379105,2.0523112,,68.767044
461,0.0006183078633888,0.1039761441110868,train,0.0009202439,0.1059117,,57.52146
462,0.0040137728259298,0.6938570211667612,train,0.0056942073,0.5939849,,71.40768
463,0.009159391379672,1.486112871190858,train,0.013363151,1.2185521,,85.435585
464,0.0040075038617961,0.6429367012361874,validation,0.0064014704,0.46118477,,60.4045
465,0.0044215628933821,0.7767474361487942,train,0.0062425593,0.5395807,,72.44141
466,0.0587929187672077,10.691398390332546,test,0.11238301,10.5008745,,84.09469
467,0.0008477312921346,0.1287397864216322,train,0.0011626572,0.11899485,,70.74401
468,0.0220911425860588,3.72508503073268,train,0.03382558,3.3492842,,84.261734
469,0.0540998846128066,8.321361007847281,train,0.07726732,7.5072174,,77.063545
470,0.0646777102785977,8.37759726281758,train,0.0747529,7.4610915,,63.770115
471,0.0009928469056927,0.1476230085447362,train,0.0012324204,0.15312205,,61.535606
472,0.0136007627545264,1.8524653454293287,validation,0.020937389,1.6137552,,78.92814
473,0.0012877370579329,0.1902935559157512,train,0.0021018786,0.18745665,55.46,57.244843
474,0.073182466434746,11.765271103170882,test,0.16062377,8.246748,,68.01895
475,0.008686463681817,1.249290327036236,train,0.012446667,1.0750704,,80.88508
476,0.0111103057502114,1.4447338215493088,train,0.014930374,1.3319378,,77.89113
477,0.0433991366661866,6.127857376333399,train,0.052211016,5.310392,,85.14309
478,0.0923179319649697,13.223273785313342,train,0.1191182,12.694876,,79.014336
479,0.0356359659339131,5.618998038246655,train,0.049302585,4.8988867,,75.58075
480,0.0170473896937296,3.001124593466416,test,0.030222613,1.9250164,,77.7068
481,0.0063368510521232,1.010789324829365,train,0.009019487,0.87918264,84.34,82.07626
482,0.0093336791913187,1.5884520511938778,test,0.01639074,0.97594035,,77.71656
483,0.001550262221289,0.2565151376829801,test,0.0025279543,0.20125335,,74.89569
484,0.0024851969540508,0.4724602542608577,validation,0.0053316187,0.39315474,,64.15485
485,0.0014428034827594,0.237019976480418,train,0.0023700073,0.23478605,,72.36253
486,0.0219320589971828,3.1012861045019338,train,0.033079054,2.888079,,73.82016
487,0.0036234417386991,0.5406453380272309,test,0.0049051503,0.36335868,,57.08894
488,0.0083553741791224,1.2801596588655328,train,0.01119091,1.0860335,,85.528404
489,0.0291881819699223,5.324981893470156,validation,0.065980606,4.6341434,,75.70635
490,0.016440140818317,2.391801512988317,train,0.019486612,2.1274061,,83.961235
491,0.17696636828845,26.80702978484223,train,0.21146856,21.956463,,84.98451
492,0.0189936415981139,3.213135929402037,train,0.026972823,2.6660588,,84.35601
493,0.0138352063082652,2.0777292046626403,train,0.022336587,2.0003188,,78.66311
494,0.071267723913882,10.827701990040374,train,0.09734951,9.515614,,83.00138
495,0.0008910494023682,0.137441305245452,train,0.0013566822,0.14722514,,58.65879
496,0.0070586996629489,1.287274190380684,test,0.013111911,1.0381659,,73.36145
497,0.0114887691135944,1.8274862601374136,train,0.014288992,1.4955482,,84.98889
498,0.0081634820786078,1.3315622290111593,train,0.0121857105,1.1582956,84.29,84.906876
499,0.0153217018691026,2.0824371249927247,train,0.017723072,1.7933387,,77.95651
500,0.0033677809827784,0.637222604508049,validation,0.0074183927,0.46417275,,83.81938
501,0.0328670357783378,1.7610535370519482,train,0.027584717,1.7761267,85.32,85.69294
502,0.0232117790418377,1.070894900778072,train,0.016602797,0.9660828,84.41,84.931496
503,0.0145301520004943,0.717224111213486,train,0.0115131885,0.6691447,84.15,84.49599
504,0.0109655865380895,0.5440125726438109,train,0.008238379,0.5271876,83.35,85.36403
505,0.0073591005993485,0.4096569098863022,train,0.0067594205,0.41387963,83.39,83.797424
506,0.0081588621422892,0.4385654947249983,validation,0.0056487955,0.32629797,83.2,82.97269
507,0.0046100425823914,0.2450615845736335,train,0.0041497275,0.24258432,80.65,82.05877
508,0.0040673698740967,0.2242234383694853,train,0.00394801,0.20879678,78.62,80.56031
509,0.0032930026842235,0.1797978305259356,train,0.0026928817,0.17784908,77.57,77.600624
510,0.0014017716189355,0.0962292118960809,train,0.0013931517,0.089994475,72.34,72.6601
511,0.0010645869184023,0.092086601850226,train,0.0011556827,0.09049339,76.1,75.03397
512,0.0011587574173883,0.094257948409026,train,0.0012026418,0.09627215,75.66,75.49763
513,0.0012268636459443,0.0990435044615868,train,0.0011680245,0.095829636,75.02,75.42742
514,0.0013323427056156,0.1041410171917001,test,0.0010902723,0.097922675,75.6,73.88549
515,0.0009164101343404,0.0696410106053544,train,0.0009925542,0.07149161,73.48,73.93982
516,0.0007880746418605,0.0600413905408521,test,0.0009258441,0.056206554,66.02,70.62129
517,0.0006451313002212,0.0473966882413698,train,0.00081280386,0.05203393,64.02,60.413692
518,0.0006822438692224,0.0488363058861974,train,0.00083147007,0.053039268,59.41,59.52943
519,0.0007632173664702,0.0539974559277661,train,0.0007898356,0.054954343,61.25,60.546238
520,0.0007652625234943,0.0532026884122528,train,0.00079094776,0.054272514,59.62,59.518627
521,0.0147421145931642,0.9042109997406848,train,0.015500951,0.92289525,85.08,85.34128
522,0.0200847871381517,1.1849287871228296,train,0.018758632,1.2632835,85.69,85.56139
523,0.0219604967301424,1.2514232947838748,train,0.021588892,1.2935742,85.55,85.3653
524,0.0204912918778061,1.1691254318947877,train,0.018096171,1.1596799,85.37,85.53951
525,0.0132564036679569,0.773226679341535,train,0.011900625,0.7414299,83.41,84.271805
526,0.0148785803396565,0.9349831203688128,train,0.01536594,0.98679197,85.25,85.27325
527,0.0216352627511048,1.2415554747995197,train,0.021687819,1.2850324,85.87,85.59133
528,0.0146496598093792,0.8720939400199779,test,0.014128832,0.89524335,84.56,85.00056
529,0.0417291851454214,2.415078822158846,test,0.03710347,2.740546,85.96,85.78486
530,0.0166939505651898,1.024467678315791,train,0.016390232,1.0505415,86.16,85.881424
531,0.0007254292534783,0.0499513450183923,train,0.0007919596,0.05269442,58.93,58.55434
532,0.0008365880069582,0.0562620793202624,test,0.0008015215,0.055844802,61.5,60.568867
533,0.0007449880399091,0.0505145805246428,validation,0.00078600517,0.053749666,54.3,55.05373
534,0.0008186607158329,0.0556718720485198,validation,0.0007918825,0.055052906,60.14,60.35178
535,0.0008196382310033,0.0562313434042225,test,0.00079154345,0.054800063,58.31,57.802784
536,0.0008100611163315,0.0546597622633913,train,0.00081852905,0.055013612,60.72,60.683197
537,0.000766152519392,0.0515532023178792,train,0.0007955165,0.052991815,59.08,59.894726
538,0.0008238717006859,0.0560476712903497,train,0.0008059353,0.05547022,61.44,67.49026
539,0.0007795764363879,0.051770588294404,train,0.0008038034,0.052314024,61.3,61.170383
540,0.0008775108648805,0.0590997213008175,train,0.00082651275,0.058109295,57.49,58.140667
541,0.0089228932963633,0.5528592670330614,train,0.008685577,0.5744857,80.29,80.65126
542,0.0452996012041481,2.615806374031226,train,0.036799856,2.705138,63.02,71.75614
543,0.0386857888236978,2.242556116988828,test,0.030881517,2.040114,58.73,58.249454
544,0.0095194073314971,0.6058278558523833,train,0.009058113,0.6467247,83.82,83.97152
545,0.0416212750981333,2.3936346013912697,train,0.036693707,2.346386,84.66,84.705536
546,0.0141459662014501,0.8912082669564483,test,0.015662178,1.02253,50.39,50.855812
547,0.0489576085697916,2.794263507826676,train,0.04251224,2.8215644,70.8,71.1926
548,0.0365630136292168,2.1137765554031334,validation,0.032539956,2.2886682,56.07,55.597385
549,0.0106970476403233,0.6840590422157693,train,0.012672525,0.78836155,85.67,84.69359
550,0.0068414363022078,0.4118032738091019,validation,0.0055823755,0.3352904,81.05,81.475136
