run_row,mode,model_id,trial,started_at_local,finished_at_local,actual_duration_sec,inference_count,sample_count,average_power_w,baseline_power_w,baseline_source,net_energy_j,net_energy_per_inference_j,average_latency_ms,throughput_inferences_per_sec,depth,pattern,growth_pattern,channels,pools,parameter_count,benchmark_session_id,pair_id,structure_id,weight_state,training_run_id,protocol_id,run_order,pair_trial,idle_role,status
1,idle,,,2026-09-21T00:09:47.503290+09:00,2026-09-21T00:10:47.503716+09:00,60.000343,0,291,14.75281176466231,,,,,,,,,,,,,headline_20260920_s01,,,,,headline_trained_abba_v1,1,,pre_session_idle,valid
2,idle,,,2026-09-21T00:10:47.504839+09:00,2026-09-21T00:11:47.505258+09:00,60.000402,0,291,14.0392027845826,,,,,,,,,,,,,headline_20260920_s01,,,,,headline_trained_abba_v1,2,,pre_session_idle,valid
3,idle,,,2026-09-21T00:11:47.529480+09:00,2026-09-21T00:12:47.530032+09:00,60.00052,0,291,14.573548050845655,,,,,,,,,,,,,headline_20260920_s01,,,,,headline_trained_abba_v1,3,,pre_session_idle,valid
4,inference,0551,1,2026-09-21T00:12:48.184005+09:00,2026-09-21T00:13:48.184621+09:00,60.000556,26122,293,27.845343237857,14.57049162015886,interpolated_adjacent_idle_blocks,796.498477879388,0.030491481428657378,2.296935778271182,435.3626294038846,6,increasing,linear,64-64-128-128-256-256,2-4,1147978,headline_20260920_s01,headline_0551_vs_0530,0551,reference_0551_trained,headline_cifar10_v1,headline_trained_abba_v1,4,1,,valid
5,inference,0530,1,2026-09-21T00:14:48.416923+09:00,2026-09-21T00:15:48.417222+09:00,60.000256,56472,292,27.233966409858354,15.022739411302739,interpolated_adjacent_idle_blocks,732.6767459874486,0.012974159689535497,1.0624779660716779,941.1959889364304,6,increasing,early,51-120-147-183-202-212,1-2-4-5,1178481,headline_20260920_s01,headline_0551_vs_0530,0530,pareto_0530_trained,headline_cifar10_v1,headline_trained_abba_v1,5,1,,valid
6,inference,0530,2,2026-09-21T00:16:48.644519+09:00,2026-09-21T00:17:48.645115+09:00,60.000548,56642,291,27.718122694764478,15.47496833833961,interpolated_adjacent_idle_blocks,734.5959706340794,0.012969103679850278,1.0592942992832248,944.0247159610444,6,increasing,early,51-120-147-183-202-212,1-2-4-5,1178481,headline_20260920_s01,headline_0551_vs_0530,0530,pareto_0530_trained,headline_cifar10_v1,headline_trained_abba_v1,6,2,,valid
7,inference,0551,2,2026-09-21T00:18:49.095766+09:00,2026-09-21T00:19:49.097239+09:00,60.001424,26343,292,26.232314848300025,15.928039606270382,interpolated_adjacent_idle_blocks,618.2711878097232,0.02347003711838907,2.2776989864479917,439.0395772004413,6,increasing,linear,64-64-128-128-256-256,2-4,1147978,headline_20260920_s01,headline_0551_vs_0530,0551,reference_0551_trained,headline_cifar10_v1,headline_trained_abba_v1,7,2,,valid
8,idle,,,2026-09-21T00:20:49.111592+09:00,2026-09-21T00:21:49.112216+09:00,60.000585,0,292,16.266625575509384,,,,,,,,,,,,,headline_20260920_s01,,,,,headline_trained_abba_v1,8,,between_abba_blocks_idle,valid
9,inference,0530,3,2026-09-21T00:21:49.342214+09:00,2026-09-21T00:22:49.343059+09:00,60.000796,56489,292,27.15896091114051,15.7268728477692,interpolated_adjacent_idle_blocks,685.9343837443771,0.012142795654806726,1.0621677777974625,941.4708494298565,6,increasing,early,51-120-147-183-202-212,1-2-4-5,1178481,headline_20260920_s01,headline_0551_vs_0530,0530,pareto_0530_trained,headline_cifar10_v1,headline_trained_abba_v1,9,3,,valid
10,inference,0551,3,2026-09-21T00:23:49.848895+09:00,2026-09-21T00:24:49.850126+09:00,60.001164,24804,292,26.000297849818427,13.57526818166533,interpolated_adjacent_idle_blocks,745.5162428237197,0.030056291034660527,2.4190116231253307,413.3919781286595,6,increasing,linear,64-64-128-128-256-256,2-4,1147978,headline_20260920_s01,headline_0551_vs_0530,0551,reference_0551_trained,headline_cifar10_v1,headline_trained_abba_v1,10,3,,valid
11,inference,0551,4,2026-09-21T00:25:50.363392+09:00,2026-09-21T00:26:50.363843+09:00,60.000409,23929,291,26.600642975131407,11.423534379044842,interpolated_adjacent_idle_blocks,910.6327232026098,0.0380556113169213,2.507434857286128,398.81395007897834,6,increasing,linear,64-64-128-128-256-256,2-4,1147978,headline_20260920_s01,headline_0551_vs_0530,0551,reference_0551_trained,headline_cifar10_v1,headline_trained_abba_v1,11,4,,valid
12,inference,0530,4,2026-09-21T00:27:50.624209+09:00,2026-09-21T00:28:50.625114+09:00,60.000862,49652,291,26.01586694707657,9.276318915682658,interpolated_adjacent_idle_blocks,1004.3873113740377,0.0202285368439144,1.2084278941432403,827.5214473669421,6,increasing,early,51-120-147-183-202-212,1-2-4-5,1178481,headline_20260920_s01,headline_0551_vs_0530,0530,pareto_0530_trained,headline_cifar10_v1,headline_trained_abba_v1,12,4,,valid
13,idle,,,2026-09-21T00:29:50.650682+09:00,2026-09-21T00:30:50.651059+09:00,60.000347,0,290,5.932302272919572,,,,,,,,,,,,,headline_20260920_s01,,,,,headline_trained_abba_v1,13,,post_session_idle,valid
14,idle,,,2026-09-21T00:30:50.659900+09:00,2026-09-21T00:31:50.660327+09:00,60.000402,0,291,6.2589906949810485,,,,,,,,,,,,,headline_20260920_s01,,,,,headline_trained_abba_v1,14,,post_session_idle,valid
15,idle,,,2026-09-21T00:31:50.670786+09:00,2026-09-21T00:32:50.670931+09:00,60.000104,0,291,10.815536157976695,,,,,,,,,,,,,headline_20260920_s01,,,,,headline_trained_abba_v1,15,,post_session_idle,valid
