selection_rank,selection_reason,candidate_id,seed,depth,pattern,growth_pattern,noise_ratio,pool_count,pools,min_channels,max_channels,channels,parameter_count,parameter_bin,architecture_key,feature_depth,feature_parameter_count,feature_pattern,feature_growth_pattern,feature_channel_1,feature_pool_after_1,feature_channel_2,feature_pool_after_2,feature_channel_3,feature_pool_after_3,feature_channel_4,feature_pool_after_4,feature_channel_5,feature_pool_after_5,feature_channel_6,feature_pool_after_6,feature_channel_min,feature_channel_max,feature_channel_mean,feature_channel_std,feature_channel_sum,feature_channel_range,feature_channel_first,feature_channel_last,feature_channel_last_first_ratio,feature_pool_count,feature_conv_macs,feature_conv_flops,feature_activation_elements,feature_final_feature_map_height,feature_final_feature_map_width,feature_synflow_score,feature_grad_norm_score,feature_jacob_cov_score,predicted_energy_j,ensemble_energy_mean_j,energy_uncertainty_std_j,energy_lower_j,energy_upper_j,energy_relative_uncertainty,predicted_latency_ms,ensemble_latency_mean_ms,latency_uncertainty_std_ms,latency_lower_ms,latency_upper_ms,latency_relative_uncertainty,predicted_accuracy_percent,ensemble_accuracy_mean_percent,accuracy_uncertainty_std_percent,accuracy_lower_percent,accuracy_upper_percent,accuracy_relative_uncertainty,combined_relative_uncertainty,is_measured_candidate,pareto_value_source,measured_model_id,is_mean_accuracy_energy_pareto,is_mean_accuracy_latency_pareto,is_mean_capacity_energy_pareto,accuracy_energy_score
1,mean_acc_energy_pareto,C022043,2316540202496912256,6,inverse_hourglass,early,0.05,4,1-2-3-6,73,128,73-105-128-128-112-73,543339,4,73-105-128-128-112-73|1-2-3-6,6,543339,inverse_hourglass,early,73.0,1.0,105.0,1.0,128.0,1.0,128.0,0.0,112.0,0.0,73.0,1.0,73.0,128.0,103.16666666666669,22.8576512840279,619.0,55.0,73.0,73.0,1.0,4.0,33020928.0,66041856.0,114832.0,2.0,2.0,438330715.8353573,0.3111071390279123,-16.060626983642578,0.011063723,0.0112018695101141,0.0009825996654233,0.0102192698446908,0.0121844691755375,0.0877174711360564,0.8578189,0.8096670418977737,0.0564407980635016,0.7532262438342722,0.8661078399612753,0.0697086520049159,86.34278,85.9560791015625,0.4888716499653467,85.46720745159715,86.44495075152784,0.0056874587007128,0.0543711939472284,False,predicted,,True,True,False,0.32608016932285544
2,mean_acc_energy_pareto,C048211,5268068439407789633,5,increasing,early,0.05,4,1-2-3-4,58,171,58-117-132-156-171,629402,5,58-117-132-156-171|1-2-3-4,5,629402,increasing,early,58.0,1.0,117.0,1.0,132.0,1.0,156.0,1.0,171.0,0.0,,0.0,58.0,171.0,126.8,39.14792459377636,634.0,113.0,58.0,171.0,2.9482758620689653,4.0,30059856.0,60119712.0,100972.0,2.0,2.0,28581188.96962574,0.5067311943080094,-16.06218719482422,0.009459555,0.0092751266434788,0.0004609947824807,0.008814131860998,0.0097361214259596,0.0497022628585768,0.71925414,0.6907635688781738,0.0283952882838992,0.6623682805942745,0.7191588571620731,0.0411071017106681,85.46844,85.5066593170166,0.5657940015048757,84.94086531551173,86.07245331852147,0.0066169583284407,0.0324754409658952,False,predicted,,True,False,False,0.46339268914574916
3,mean_acc_energy_pareto,C043042,1540040157822236181,6,inverse_hourglass,linear,0.05,3,1-2-3,56,129,56-82-129-129-88-56,435441,4,56-82-129-129-88-56|1-2-3,6,435441,inverse_hourglass,linear,56.0,1.0,82.0,1.0,129.0,1.0,129.0,0.0,88.0,0.0,56.0,0.0,56.0,129.0,90.0,30.061048994781714,540.0,73.0,56.0,56.0,1.0,3.0,22961808.0,45923616.0,90960.0,4.0,4.0,172076503.4401468,0.3016490303831869,-16.050996780395508,0.0070960303,0.0067830888088792,0.0004385960977671,0.006344492711112,0.0072216849066464,0.0646602322518701,0.5238449,0.5120263189077378,0.0316128348011823,0.4804134841065554,0.5436391537089201,0.0617406442477787,84.95127,84.89039764404296,0.9123407972639176,83.97805684677904,85.80273844130689,0.0107472791102886,0.0457160518699791,False,predicted,,True,True,False,0.6405199038990433
4,mean_acc_energy_pareto,C047435,647649042182533522,5,increasing,early,0.1,5,1-2-3-4-5,46,156,46-109-117-144-156,517095,4,46-109-117-144-156|1-2-3-4-5,5,517095,increasing,early,46.0,1.0,109.0,1.0,117.0,1.0,144.0,1.0,156.0,1.0,,0.0,46.0,156.0,114.4,38.265389061134606,572.0,110.0,46.0,156.0,3.391304347826087,5.0,23404608.0,46809216.0,85424.0,1.0,1.0,21817350.691831943,0.720900437404768,-16.06920051574707,0.0071002548,0.0065228078514337,0.0007578840065281,0.0057649238449056,0.0072806918579618,0.1161898409074744,0.5463228,0.5305322036147118,0.0340017503631209,0.4965304532515908,0.5645339539778327,0.0640898896079342,85.2164,84.61612968444824,0.5379885503218451,84.0781411341264,85.15411823477008,0.0063579905193976,0.0622125736782687,False,predicted,,True,False,False,0.6561881236761219
5,mean_acc_energy_pareto,C049243,1774415620939080713,5,increasing,late,0.0,4,1-2-3-5,70,174,70-76-96-128-174,428768,4,70-76-96-128-174|1-2-3-5,5,428768,increasing,late,70.0,1.0,76.0,1.0,96.0,1.0,128.0,0.0,174.0,1.0,,0.0,70.0,174.0,108.8,38.37916101219515,544.0,104.0,70.0,174.0,2.4857142857142858,4.0,23371776.0,46743552.0,102112.0,2.0,2.0,35036971.71274966,0.5674303258833967,-16.0736083984375,0.0073894216,0.0064831498311832,0.0004957968091199,0.0059873530220633,0.0069789466403031,0.0764746800598639,0.56775725,0.5635588347911835,0.0400451301487699,0.5235137046424135,0.6036039649399535,0.0710575856087998,85.62932,84.4122371673584,0.5970353306089508,83.81520183674945,85.00927249796734,0.0070728528308668,0.0515350394998435,False,predicted,,True,False,False,0.6563884617946879
6,mean_acc_energy_pareto,C045557,5434392647458517813,5,increasing,late,0.0,5,1-2-3-4-5,51,251,51-64-101-164-251,611632,5,51-64-101-164-251|1-2-3-4-5,5,611632,increasing,late,51.0,1.0,64.0,1.0,101.0,1.0,164.0,1.0,251.0,1.0,,0.0,51.0,251.0,126.2,73.70590207032271,631.0,200.0,51.0,251.0,4.921568627450981,5.0,16520688.0,33041376.0,78700.0,1.0,1.0,21438530.798429787,0.6318344399920475,-16.067184448242188,0.0064632087,0.00573351229541,0.0007470979847107,0.0049864143106993,0.0064806102801207,0.130303720689461,0.46428525,0.4635003939270973,0.0465241408267273,0.41697625310037,0.5100245347538246,0.1003756230551229,85.15983,84.07841529846192,0.9155104274742096,83.16290487098772,84.99392572593612,0.0108887688263905,0.0805227041903248,False,predicted,,True,True,False,0.7076679768330381
7,mean_acc_energy_pareto,C026960,7201645809694449708,6,increasing,late,0.1,4,1-2-3-4,42,238,42-48-70-120-175-238,692051,5,42-48-70-120-175-238|1-2-3-4,6,692051,increasing,late,42.0,1.0,48.0,1.0,70.0,1.0,120.0,1.0,175.0,0.0,238.0,0.0,42.0,238.0,115.5,71.40903304204588,693.0,196.0,42.0,238.0,5.666666666666667,4.0,11206440.0,22412880.0,63348.0,2.0,2.0,119639548.53006405,0.372547040935144,-16.0378475189209,0.005269815,0.005331501038745,0.0006775450432192,0.0046539559955258,0.0060090460819642,0.127083355755798,0.34621525,0.3671037301421165,0.0275005449367979,0.3396031852053186,0.3946042750789145,0.0749121915109706,84.110245,83.47198371887207,0.899077567502023,82.57290615137005,84.37106128637409,0.0107710099538313,0.0709221857402,False,predicted,,True,True,False,0.7294015617299008
8,mean_acc_energy_pareto,C030950,4979477778559274864,6,increasing,linear,0.0,5,1-2-3-4-5,59,112,59-70-80-91-101-112,340853,4,59-70-80-91-101-112|1-2-3-4-5,6,340853,increasing,linear,59.0,1.0,70.0,1.0,80.0,1.0,91.0,1.0,101.0,1.0,112.0,0.0,59.0,112.0,85.5,18.006943105369107,513.0,53.0,59.0,112.0,1.8983050847457628,5.0,15853356.0,31706712.0,85428.0,1.0,1.0,22155544.50639081,0.2905094879973559,-16.05907440185547,0.005607472,0.0052123181754723,0.0005190811321321,0.0046932370433401,0.0057313993076045,0.0995873840884904,0.40357938,0.3862956076860427,0.0172420185497259,0.3690535891363168,0.4035376262357687,0.0446342598949227,82.901375,83.36957931518555,0.8903633695180998,82.47921594566745,84.25994268470365,0.0106797152730255,0.0516337864188129,False,predicted,,True,False,False,0.7368888205153823
9,mean_acc_energy_pareto,C014889,8108397754639436981,6,increasing,linear,0.0,5,1-2-3-4-6,49,129,49-65-81-97-113-129,379762,4,49-65-81-97-113-129|1-2-3-4-6,6,379762,increasing,linear,49.0,1.0,65.0,1.0,81.0,1.0,97.0,1.0,113.0,0.0,129.0,1.0,49.0,129.0,89.0,27.325202042558928,534.0,80.0,49.0,129.0,2.63265306122449,5.0,13776408.0,27552816.0,74520.0,1.0,1.0,86415224.8206197,0.2958892073951592,-16.054014205932617,0.004739447,0.0048862412804737,0.0004717306525921,0.0044145106278816,0.0053579719330659,0.0965426440313659,0.3345914,0.3617792561650276,0.0227666541225726,0.3390126020424549,0.3845459102876002,0.0629296835974131,82.27527,83.31313896179199,0.8814685233380126,82.43167043845398,84.19460748513,0.0105801862025899,0.056684171277123,False,predicted,,True,True,False,0.760391904228729
10,mean_acc_energy_pareto,C004405,6789156729490022966,6,increasing,linear,0.05,4,1-2-3-4,26,169,26-58-87-107-137-169,486061,4,26-58-87-107-137-169|1-2-3-4,6,486061,increasing,linear,26.0,1.0,58.0,1.0,87.0,1.0,107.0,1.0,137.0,0.0,169.0,0.0,26.0,169.0,97.33333333333331,47.51374070261733,584.0,143.0,26.0,169.0,6.5,4.0,9801504.0,19603008.0,49976.0,2.0,2.0,81565132.57471448,0.3169499276593476,-16.064231872558594,0.004792256,0.0043993787607178,0.0003165578793199,0.0040828208813978,0.0047159366400377,0.0719551319714753,0.28569,0.2819992020726204,0.0162973770122025,0.2657018250604179,0.2982965790848229,0.0577922805895232,83.317116,83.06793022155762,0.7576914941304986,82.31023872742712,83.82562171568811,0.0091213479390854,0.0462895868333613,False,predicted,,True,True,False,0.7933129010445983
11,mean_acc_energy_pareto,C021151,2169515437197122233,6,increasing,linear,0.05,4,1-2-3-4,9,195,9-47-80-115-162-195,575238,4,9-47-80-115-162-195|1-2-3-4,6,575238,increasing,linear,9.0,1.0,47.0,1.0,80.0,1.0,115.0,1.0,162.0,0.0,195.0,0.0,9.0,195.0,101.33333333333331,63.99652768358261,608.0,186.0,9.0,195.0,21.666666666666668,4.0,6521904.0,13043808.0,29636.0,2.0,2.0,50056120.07406169,0.378092204628199,-16.060592651367188,0.003943593,0.0035611832397989,0.0005199298113931,0.0030412534284058,0.0040811130511921,0.1459991739774963,0.20818856,0.2137154348194599,0.0244508079844576,0.1892646268350022,0.2381662428039176,0.1144082457362658,82.579414,82.37944068908692,0.9387290056011574,81.44071168348576,83.31816969468808,0.0113951854704145,0.0906008683947255,False,predicted,,True,True,True,0.8463974351740706
12,mean_acc_energy_pareto,C017347,7765437701554607574,5,increasing,late,0.0,5,1-2-3-4-5,27,191,27-37-68-119-191,312115,4,27-37-68-119-191|1-2-3-4-5,5,312115,increasing,late,27.0,1.0,37.0,1.0,68.0,1.0,119.0,1.0,191.0,1.0,,0.0,27.0,191.0,88.4,60.48338614859456,442.0,164.0,27.0,191.0,7.074074074074074,5.0,6480900.0,12961800.0,44140.0,1.0,1.0,7254121.949968338,0.5223234257895,-16.043325424194336,0.0037700394,0.0032384078600443,0.0003370023169535,0.0029014055430907,0.0035754101769979,0.1040641980621232,0.21514063,0.231793862581253,0.0210667865789775,0.2107270760022754,0.2528606491602306,0.0908858687817622,79.83666,80.55200271606445,1.2512570515126231,79.30074566455183,81.80325976757707,0.0155335312509006,0.0701611993649287,False,predicted,,True,False,False,0.8457619555936702
13,mean_acc_energy_pareto,C001107,2216743336134347080,5,increasing,early,0.0,5,1-2-3-4-5,12,118,12-65-87-104-118,251695,4,12-65-87-104-118|1-2-3-4-5,5,251695,increasing,early,12.0,1.0,65.0,1.0,87.0,1.0,104.0,1.0,118.0,1.0,,0.0,12.0,118.0,77.2,37.09123885771409,386.0,106.0,12.0,118.0,9.833333333333334,5.0,7130880.0,14261760.0,36632.0,1.0,1.0,5363169.811794639,0.5148753125337968,-16.075714111328125,0.0031815243,0.0030703318305313,0.0003012402656972,0.0027690915648341,0.0033715720962285,0.0981132601700179,0.21614341,0.2275262370705604,0.0121472195613248,0.2153790175092356,0.2396734566318853,0.0533882145537252,78.067375,79.9156452178955,1.3662277022713591,78.54941751562414,81.28187292016686,0.0170958727611626,0.0561991158283019,False,predicted,,True,False,False,0.8496838584990778
14,mean_acc_energy_pareto,C023791,4671999319874815988,5,increasing,early,0.0,4,1-2-3-5,13,99,13-56-74-87-99,180987,3,13-56-74-87-99|1-2-3-5,5,180987,increasing,early,13.0,1.0,56.0,1.0,74.0,1.0,87.0,0.0,99.0,1.0,,0.0,13.0,99.0,65.8,30.009331881933,329.0,86.0,13.0,99.0,7.615384615384615,4.0,6591024.0,13182048.0,35360.0,2.0,2.0,7110424.738704622,0.4213254260856387,-16.06207275390625,0.0026879592,0.0028284196858294,0.0003166098016442,0.0025118098841851,0.0031450294874737,0.1119387632714194,0.18559854,0.1934141509234905,0.0157270291418278,0.1776871217816627,0.2091411800653183,0.0813127119537856,78.32363,79.53010711669921,1.3911977967687683,78.13890931993045,80.92130491346798,0.0174927187602976,0.0702480646618342,False,predicted,,True,False,False,0.862484022218099
15,mean_acc_energy_pareto,C008758,4365857095358066408,6,increasing,early,0.0,4,1-2-4-6,15,68,15-39-49-56-62-68,117736,3,15-39-49-56-62-68|1-2-4-6,6,117736,increasing,early,15.0,1.0,39.0,1.0,49.0,0.0,56.0,1.0,62.0,0.0,68.0,1.0,15.0,68.0,48.16666666666666,17.468225121313523,289.0,53.0,15.0,68.0,4.533333333333333,4.0,5550912.0,11101824.0,34144.0,2.0,2.0,46092947.42509502,0.2367040964698944,-16.058937072753906,0.0024360002,0.0024531357688829,0.000194107057597,0.0022590287112859,0.0026472428264799,0.079126096508477,0.17909363,0.1745444253087043,0.0099278751926105,0.1646165501160938,0.1844723005013149,0.0568787870197046,79.65297,78.58949851989746,1.435376479021638,77.15412204087582,80.0248749989191,0.0182642274865544,0.051423037004912,False,predicted,,True,False,False,0.8777202819880787
16,mean_acc_energy_pareto,C003611,1884977501670558529,6,increasing,late,0.0,5,1-2-3-4-6,18,158,18-24-40-68-108-158,259172,4,18-24-40-68-108-158|1-2-3-4-6,6,259172,increasing,late,18.0,1.0,24.0,1.0,40.0,1.0,68.0,1.0,108.0,0.0,158.0,1.0,18.0,158.0,69.33333333333333,49.84865985048032,416.0,140.0,18.0,158.0,8.777777777777779,5.0,3316320.0,6632640.0,29288.0,1.0,1.0,21086536.603346527,0.241665853059825,-16.067867279052734,0.0020339913,0.0021333908138331,0.0004736397165118,0.0016597510973212,0.0026070305303449,0.2220126352099708,0.16696163,0.1475544285029172,0.0164757609103683,0.1310786675925489,0.1640301894132856,0.1116588710859506,75.607666,77.67199783325195,1.637506622310086,76.03449121094187,79.30950445556203,0.0210823291274871,0.1182512784744695,False,predicted,,True,False,False,0.8891354451799216
17,mean_acc_energy_pareto,C029947,2614846478305393822,6,increasing,early,0.05,5,1-2-3-4-5,12,68,12-36-49-56-64-68,117183,3,12-36-49-56-64-68|1-2-3-4-5,6,117183,increasing,early,12.0,1.0,36.0,1.0,49.0,1.0,56.0,1.0,64.0,1.0,68.0,0.0,12.0,68.0,47.5,18.971469807757824,285.0,56.0,12.0,68.0,5.666666666666667,5.0,2906496.0,5812992.0,25860.0,1.0,1.0,2777440.48547858,0.2576553404789563,-16.059635162353516,0.0012808254,0.0012372492230497,8.340160323002189e-05,0.0011538476198197,0.0013206508262797,0.0674088952138866,0.10365231,0.1049322608858347,0.006012510209051,0.0989197506767836,0.1109447710948857,0.0572989675271802,77.24852,76.57877502441406,1.0624854891530235,75.51628953526104,77.64126051356708,0.0138744121829357,0.0461940916413342,False,predicted,,True,True,False,0.9410716125349254
18,mean_acc_energy_pareto,C015529,5284803477544222670,6,increasing,late,0.05,4,1-2-4-6,12,22,12-12-14-16-17-22,11285,1,12-12-14-16-17-22|1-2-4-6,6,11285,increasing,late,12.0,1.0,12.0,1.0,14.0,0.0,16.0,1.0,17.0,0.0,22.0,1.0,12.0,22.0,15.5,3.452052529534663,93.0,10.0,12.0,22.0,1.8333333333333333,4.0,982368.0,1964736.0,17904.0,2.0,2.0,1759827.0338357687,0.1925500228050607,-16.08938217163086,0.000996979,0.000914249868947,7.59681099646722e-05,0.0008382817589824,0.0009902179789117,0.0830933780194716,0.058664367,0.0608410930261015,0.0026910455188139,0.0581500475072876,0.0635321385449155,0.0442307227725099,69.98858,69.08173522949218,1.6836075799687458,67.39812764952343,70.76534280946093,0.0243712404498198,0.0505651137472671,False,predicted,,True,False,False,0.8639630585695703
19,mean_acc_energy_pareto,C035376,2022040875239064772,6,uniform,late,0.05,4,1-4-5-6,11,11,11-11-11-11-11-11,5928,1,11-11-11-11-11-11|1-4-5-6,6,5928,uniform,late,11.0,1.0,11.0,0.0,11.0,0.0,11.0,1.0,11.0,1.0,11.0,1.0,11.0,11.0,11.0,0.0,66.0,0.0,11.0,11.0,1.0,4.0,1227600.0,2455200.0,20592.0,2.0,2.0,943675.2684942484,0.2821475436954648,-16.059886932373047,0.0008368765,0.0008800948911812,6.409704921184016e-05,0.0008159978419693,0.000944191940393,0.0728297026310567,0.073530935,0.0655870303511619,0.0060911595528193,0.0594958707983426,0.0716781899039812,0.0928714033888471,68.02811,68.5410255432129,2.480058754926057,66.06096678828683,71.02108429813896,0.0361835664884013,0.0672948908361017,False,predicted,,True,False,False,0.8592098275584319
20,mean_acc_energy_pareto,C043731,8101341035886942014,6,uniform,late,0.0,4,1-2-5-6,11,11,11-11-11-11-11-11,5928,1,11-11-11-11-11-11|1-2-5-6,6,5928,uniform,late,11.0,1.0,11.0,1.0,11.0,0.0,11.0,0.0,11.0,1.0,11.0,1.0,11.0,11.0,11.0,0.0,66.0,0.0,11.0,11.0,1.0,4.0,809424.0,1618848.0,16368.0,2.0,2.0,926912.6767389774,0.1272351101215943,-16.07046890258789,0.00082208693,0.0008388184709474,3.189516640488569e-05,0.0008069233045425,0.0008707136373523,0.0380239199654964,0.059507146,0.0568226231262087,0.0015193792051516,0.0553032439210571,0.0583420023313603,0.0267389839039445,67.065094,67.97852878570556,3.1027285602991963,64.87580022540637,71.08125734600476,0.0456427730302929,0.0368018922999113,False,predicted,,True,True,False,0.8546925944302022
21,high_mean_accuracy,C046043,6091082564200479771,6,inverse_hourglass,early,0.1,3,2-4-5,84,145,84-113-145-145-132-84,697991,5,84-113-145-145-132-84|2-4-5,6,697991,inverse_hourglass,early,84.0,0.0,113.0,1.0,145.0,0.0,145.0,1.0,132.0,1.0,84.0,0.0,84.0,145.0,117.16666666666669,25.777358713068768,703.0,61.0,84.0,84.0,1.0,3.0,188614656.0,377229312.0,285760.0,4.0,4.0,701859639.5225778,0.2696725853419728,-16.059497833251953,0.04966976,0.0499883133918046,0.0022431164535319,0.0477451969382727,0.0522314298453366,0.0448728172913258,3.2690344,3.3524700164794923,0.1134357799283522,3.23903423655114,3.4659057964078444,0.0338364785876515,86.197296,86.0035186767578,0.5234563420071334,85.48006233475067,86.52697501876494,0.0060864526249737,0.028265249501317,False,predicted,,False,False,False,-2.5595159109955086
22,high_mean_accuracy,C003521,6108416842301750607,6,inverse_hourglass,early,0.0,4,2-4-5-6,86,137,86-118-137-137-118-86,646447,5,86-118-137-137-118-86|2-4-5-6,6,646447,inverse_hourglass,early,86.0,0.0,118.0,1.0,137.0,0.0,137.0,1.0,118.0,1.0,86.0,1.0,86.0,137.0,113.66666666666669,21.044925490219462,682.0,51.0,86.0,86.0,1.0,4.0,187164864.0,374329728.0,287968.0,2.0,2.0,966913795.1342278,0.3903197821924734,-16.044044494628906,0.049519796,0.0492379823699593,0.0021948540178779,0.0470431283520814,0.0514328363878373,0.0445764410366467,3.3190491,3.36143935918808,0.1435937328097682,3.217845626378312,3.505033091997848,0.0427179304654931,86.37885,86.00014801025391,0.6448487085979888,85.35529930165592,86.6449967188519,0.0074982278928299,0.0315975331316566,False,predicted,,False,False,False,-2.5037266074257962
23,high_mean_accuracy,C037814,5311031003508290872,6,inverse_hourglass,early,0.05,4,1-3-5-6,78,133,78-115-133-133-110-78,590019,4,78-115-133-133-110-78|1-3-5-6,6,590019,inverse_hourglass,early,78.0,1.0,115.0,0.0,133.0,1.0,133.0,0.0,110.0,1.0,78.0,1.0,78.0,133.0,107.83333333333331,22.740687959885665,647.0,55.0,78.0,78.0,1.0,4.0,77914368.0,155828736.0,160160.0,2.0,2.0,741379139.9745803,0.3338083386154791,-16.047914505004883,0.019836236,0.0219450933858752,0.0009964983394375,0.0209485950464376,0.0229415917253127,0.0454087080841018,1.6281765,1.6114184081554412,0.0682712942359832,1.543147113919458,1.6796897023914246,0.042367205122183,86.44273,85.9700080871582,0.4333780312100535,85.53663005594815,86.40338611836826,0.0050410374600719,0.0309389835554522,False,predicted,,False,False,False,-0.4731730941325145
24,high_mean_accuracy,C045458,1959146090099678719,6,inverse_hourglass,early,0.0,4,1-4-5-6,75,144,75-119-144-144-119-75,659183,5,75-119-144-144-119-75|1-4-5-6,6,659183,inverse_hourglass,early,75.0,1.0,119.0,0.0,144.0,0.0,144.0,1.0,119.0,1.0,75.0,1.0,75.0,144.0,112.66666666666669,28.52289528704188,676.0,69.0,75.0,75.0,1.0,4.0,121049424.0,242098848.0,189808.0,2.0,2.0,894814720.9152277,0.3147362575817386,-16.05453109741211,0.029846085,0.0304083066992461,0.0018220343974526,0.0285862723017935,0.0322303410966988,0.059918969361678,2.0998213,2.121507740020752,0.0760880094572267,2.045419730563525,2.197595749477979,0.0358650633329683,85.76646,85.96031646728515,0.4159944481870277,85.54432201909813,86.37631091547217,0.0048393778115666,0.0335411368354043,False,predicted,,False,False,False,-1.1030813999131461
25,high_mean_accuracy,C006735,1435321844628572257,6,inverse_hourglass,early,0.0,3,1-2-5,93,152,93-130-152-152-130-93,785437,5,93-130-152-152-130-93|1-2-5,6,785437,inverse_hourglass,early,93.0,1.0,130.0,1.0,152.0,0.0,152.0,0.0,130.0,1.0,93.0,0.0,93.0,152.0,125.0,24.34474618201362,750.0,59.0,93.0,93.0,1.0,3.0,68239008.0,136478016.0,157776.0,4.0,4.0,793219096.168433,0.3384143941998907,-16.06405258178711,0.01884515,0.0203269156627357,0.0013192473205871,0.0190076683421485,0.0216461629833228,0.064901500182127,1.4270144,1.38217836022377,0.056301502434155,1.325876857789615,1.4384798626579252,0.0407338908308765,86.152695,85.93764266967773,0.3706299075440076,85.56701276213371,86.30827257722174,0.0043127772188098,0.0366493894106044,False,predicted,,False,False,False,-0.35319543047189716
26,high_mean_accuracy,C042923,4985569913368318231,6,inverse_hourglass,linear,0.0,3,1-2-6,82,184,82-123-184-184-123-82,897450,5,82-123-184-184-123-82|1-2-6,6,897450,inverse_hourglass,linear,82.0,1.0,123.0,1.0,184.0,0.0,184.0,0.0,123.0,0.0,82.0,1.0,82.0,184.0,129.66666666666666,41.907305117631005,778.0,102.0,82.0,82.0,1.0,3.0,76887936.0,153775872.0,152128.0,4.0,4.0,1068738441.8858742,0.3695831220521925,-16.06000328063965,0.021085028,0.0221576920710504,0.0015636114449917,0.0205940806260586,0.0237213035160421,0.0705674327442557,1.6586447,1.5892241060733796,0.0546376050061755,1.5345865010672042,1.643861711079555,0.0343800504896524,85.652145,85.92226982116699,0.4593775460027519,85.46289227516424,86.38164736716975,0.0053464316871385,0.0367646383070155,False,predicted,,False,False,False,-0.48963735874670267
27,high_mean_accuracy,C020074,8429699222447632091,6,inverse_hourglass,early,0.0,3,1-4-6,79,143,79-119-143-143-119-79,663180,5,79-119-143-143-119-79|1-4-6,6,663180,inverse_hourglass,early,79.0,1.0,119.0,0.0,143.0,0.0,143.0,1.0,119.0,0.0,79.0,1.0,79.0,143.0,113.66666666666669,26.398653164297773,682.0,64.0,79.0,79.0,1.0,3.0,125382528.0,250765056.0,197248.0,4.0,4.0,773110899.8487058,0.2228892626180754,-16.05819320678711,0.030126743,0.0337919020093977,0.0021227150728775,0.0316691869365201,0.0359146170822753,0.0628172711996866,2.2457983,2.268652594089508,0.0867984602814963,2.181854133808012,2.3554510543710045,0.0382599171453713,85.996765,85.91964607238769,0.5004336895647143,85.41921238282298,86.42007976195241,0.0058244384426711,0.0356338755959097,False,predicted,,False,False,False,-1.355415354090846
28,high_mean_accuracy,C029649,494767974090685055,6,inverse_hourglass,early,0.0,3,2-3-5,77,156,77-127-156-156-127-77,755241,5,77-127-156-156-127-77|2-3-5,6,755241,inverse_hourglass,early,77.0,0.0,127.0,1.0,156.0,1.0,156.0,0.0,127.0,1.0,77.0,0.0,77.0,156.0,120.0,32.629230249374054,720.0,79.0,77.0,77.0,1.0,3.0,164736432.0,329472864.0,268176.0,4.0,4.0,711881766.235178,0.250833881343269,-16.061843872070312,0.045846052,0.0472183337435126,0.0023095469388213,0.0449087868046913,0.0495278806823339,0.0489120804509246,3.2110097,3.0962297320365906,0.1028908700195025,2.993338862017088,3.199120602056093,0.0332310193119373,85.449066,85.91460418701172,0.426071385611889,85.48853280139983,86.34067557262361,0.0049592428393716,0.0290341142007445,False,predicted,,False,False,False,-2.3545915183699755
29,high_mean_accuracy,C020945,9215179700958468658,6,inverse_hourglass,early,0.05,3,2-4-6,80,159,80-136-159-159-132-80,807713,5,80-136-159-159-132-80|2-4-6,6,807713,inverse_hourglass,early,80.0,0.0,136.0,1.0,159.0,0.0,159.0,1.0,132.0,0.0,80.0,1.0,80.0,159.0,124.33333333333331,32.98821338330135,746.0,79.0,80.0,80.0,1.0,3.0,228722688.0,457445376.0,316160.0,4.0,4.0,1061909961.446723,0.3387231203118745,-16.065597534179688,0.057740424,0.0569425458088517,0.0028982238478704,0.0540443219609812,0.0598407696567221,0.0508973353175915,3.8784866,3.978106379508972,0.1144048982260487,3.863701481282924,4.092511277735021,0.0287586322013264,85.36859,85.90593452453614,0.4614068309609755,85.44452769357515,86.36734135549712,0.0053710705030417,0.0283423460073199,False,predicted,,False,False,False,-3.0783214016593954
30,high_mean_accuracy,C041292,8429474059250234840,6,inverse_hourglass,linear,0.1,4,1-2-3-6,81,212,81-138-212-212-124-81,1099245,5,81-138-212-212-124-81|1-2-3-6,6,1099245,inverse_hourglass,linear,81.0,1.0,138.0,1.0,212.0,1.0,212.0,0.0,124.0,0.0,81.0,1.0,81.0,212.0,141.33333333333334,54.12844805542543,848.0,131.0,81.0,81.0,1.0,4.0,56548800.0,113097600.0,138512.0,2.0,2.0,989206717.74814,0.1905879869084203,-16.06048583984375,0.016377607,0.0165200554300099,0.0009814239195053,0.0155386315105046,0.0175014793495153,0.0594080282395726,1.22198,1.2263122916221618,0.0831909193514108,1.143121372270751,1.3095032109735727,0.0678382822383409,85.49838,85.89199371337891,0.4244717400364941,85.46752197334241,86.3164654534154,0.0049419244062834,0.044062744961399,False,predicted,,False,False,False,-0.07052939222893517
31,low_mean_energy,C021513,7586668361183623628,6,uniform,linear,0.1,5,1-2-3-4-5,11,11,11-11-11-11-11-11,5928,1,11-11-11-11-11-11|1-2-3-4-5,6,5928,uniform,linear,11.0,1.0,11.0,1.0,11.0,1.0,11.0,1.0,11.0,1.0,11.0,0.0,11.0,11.0,11.0,0.0,66.0,0.0,11.0,11.0,1.0,5.0,675477.0,1350954.0,15015.0,1.0,1.0,49574.76663339138,0.282573920701728,-16.08909034729004,0.00078820984,0.000801816699095,2.1741962562148e-05,0.0007800747365329,0.0008235586616572,0.0271158764673845,0.05809514,0.054800734296441,0.0012585555476593,0.0535421787487817,0.0560592898441004,0.0229660343755848,56.606377,58.54577350616455,1.5707723388984007,56.97500116726615,60.11654584506295,0.0268298161392129,0.0256372423273941,False,predicted,,False,False,False,0.7301868237747887
32,low_mean_energy,C020670,7010317208617227512,5,uniform,late,0.0,4,1-2-3-4,12,12,12-12-12-12-12,5698,1,12-12-12-12-12|1-2-3-4,5,5698,uniform,late,12.0,1.0,12.0,1.0,12.0,1.0,12.0,1.0,12.0,0.0,,0.0,12.0,12.0,12.0,0.0,60.0,0.0,12.0,12.0,1.0,4.0,772416.0,1544832.0,16368.0,2.0,2.0,94142.66113364697,0.2460905698787951,-16.080015182495117,0.000794293,0.0008048023359151,2.9807070955319305e-05,0.0007749952649598,0.0008346094068704,0.0370365114825681,0.052759543,0.0544655058532953,0.0017951059625803,0.0526703998907149,0.0562606118158756,0.0329585842352319,59.11598,59.50372753143311,0.9552986783545836,58.548428853078526,60.45902620978769,0.0160544342007808,0.0286831766395269,False,predicted,,False,False,False,0.7428886028755212
33,low_mean_energy,C013473,4345298529108954167,5,uniform,linear,0.0,4,1-2-3-5,12,12,12-12-12-12-12,5698,1,12-12-12-12-12|1-2-3-5,5,5698,uniform,linear,12.0,1.0,12.0,1.0,12.0,1.0,12.0,0.0,12.0,1.0,,0.0,12.0,12.0,12.0,0.0,60.0,0.0,12.0,12.0,1.0,4.0,787968.0,1575936.0,16512.0,2.0,2.0,145461.7987948656,0.2049798950362588,-16.08774185180664,0.0007979826,0.0008082690590526,2.345827699965521e-05,0.000784810782053,0.0008317273360523,0.0290228566056318,0.053677067,0.0545918913558125,0.0015329889386496,0.0530589024171628,0.0561248802944622,0.0280808907802465,59.337673,59.30601139068604,0.795751446244985,58.51025994444105,60.10176283693102,0.0134177198497276,0.023507155745202,False,predicted,,False,False,False,0.7399632034668634
34,low_mean_energy,C002081,1040344605747262126,4,decreasing,linear,0.1,3,1-2-4,13,13,13-13-13-13,5106,1,13-13-13-13|1-2-4,4,5106,decreasing,linear,13.0,1.0,13.0,1.0,13.0,0.0,13.0,1.0,,0.0,,0.0,13.0,13.0,13.0,0.0,52.0,0.0,13.0,13.0,1.0,3.0,943488.0,1886976.0,18304.0,4.0,4.0,37654.25010311604,0.395245723523979,-16.078413009643555,0.0007933281,0.0008116544835502,3.293122896942785e-05,0.0007787232545808,0.0008445857125196,0.0405729650200225,0.053755816,0.0547830332070589,0.0010499025941264,0.0537331306129324,0.0558329358011853,0.0191647401150326,55.865936,57.56484508514404,1.936332945937884,55.62851213920616,59.50117803108193,0.0336374212954774,0.0311250421435108,False,predicted,,False,False,False,0.7162208564615891
35,low_mean_energy,C030542,6414926021773185644,5,inverse_hourglass,linear,0.1,5,1-2-3-4-5,10,13,10-13-13-12-10,5613,1,10-13-13-12-10|1-2-3-4-5,5,5613,inverse_hourglass,linear,10.0,1.0,13.0,1.0,13.0,1.0,12.0,1.0,10.0,1.0,,0.0,10.0,13.0,11.6,1.3564659966250536,58.0,3.0,10.0,10.0,1.0,5.0,700128.0,1400256.0,14632.0,1.0,1.0,85432.9959384203,0.3191354061378294,-16.094104766845703,0.00079203804,0.0008119600039208,3.1004984615256904e-05,0.0007809550193055,0.000842964988536,0.0381853594580257,0.057534818,0.054836456477642,0.001416124521319,0.053420331956323,0.056252580998961,0.0258245082246772,59.228096,59.94460601806641,1.5123909717406487,58.43221504632576,61.45699698980706,0.0252298091889174,0.0297465589572068,False,predicted,,False,False,False,0.748303956091851
36,low_mean_energy,C009322,1760985882587396856,5,uniform,linear,0.1,3,1-2-3,12,12,12-12-12-12-12,5698,1,12-12-12-12-12|1-2-3,5,5698,uniform,linear,12.0,1.0,12.0,1.0,12.0,1.0,12.0,0.0,12.0,0.0,,0.0,12.0,12.0,12.0,0.0,60.0,0.0,12.0,12.0,1.0,3.0,787968.0,1575936.0,16512.0,4.0,4.0,107567.04265511036,0.241285365031035,-16.08652687072754,0.0007979826,0.0008132553542964,2.348530398388621e-05,0.0007897700503125,0.0008367406582803,0.0288781424675702,0.053173173,0.0546591227874159,0.0014252171896588,0.0532339055977571,0.0560843399770747,0.0260746443956272,58.537445,58.832465934753415,1.0060293871198225,57.82643654763359,59.83849532187324,0.0170999017487305,0.0240175628706427,False,predicted,,False,False,False,0.733203458442718
37,low_mean_energy,C040412,7987362201523652076,4,increasing,linear,0.0,4,1-2-3-4,13,16,13-14-15-16,6267,1,13-14-15-16|1-2-3-4,4,6267,increasing,linear,13.0,1.0,14.0,1.0,15.0,1.0,16.0,1.0,,0.0,,0.0,13.0,16.0,14.5,1.118033988749895,58.0,3.0,13.0,16.0,1.2307692307692308,4.0,934272.0,1868544.0,18112.0,2.0,2.0,42939.08453559876,0.3023958793410403,-16.07796287536621,0.0008123048,0.0008152872294886,3.385950132509528e-05,0.0007814277281635,0.0008491467308136,0.0415307637608085,0.05340247,0.0545637929812073,0.0013838603952174,0.0531799325859899,0.0559476533764247,0.0253622470068023,60.278362,58.60573329925537,1.8275098611995253,56.778223438055846,60.43324316045489,0.0311831242153017,0.0326920449943041,False,predicted,,False,False,False,0.7299933637506015
38,low_mean_energy,C026210,3335286320861732961,6,uniform,linear,0.05,4,1-2-4-6,11,11,11-11-11-11-11-11,5928,1,11-11-11-11-11-11|1-2-4-6,6,5928,uniform,linear,11.0,1.0,11.0,1.0,11.0,0.0,11.0,1.0,11.0,0.0,11.0,1.0,11.0,11.0,11.0,0.0,66.0,0.0,11.0,11.0,1.0,4.0,757152.0,1514304.0,15840.0,2.0,2.0,684248.4387477636,0.2494146486587351,-16.071619033813477,0.0008045841,0.0008163439808413,2.258681124193816e-05,0.0007937571695994,0.0008389307920832,0.0276682523201307,0.057782613,0.0558220315724611,0.001333267763817,0.054488763808644,0.0571552993362781,0.0238842572772788,66.74201,63.96898097991944,1.867638522688453,62.10134245723098,65.83661950260789,0.0291960024073968,0.0269161706682688,False,predicted,,False,False,False,0.8022713827843633
39,low_mean_energy,C025960,2951735668805398583,6,uniform,linear,0.1,4,1-2-4-5,11,11,11-11-11-11-11-11,5928,1,11-11-11-11-11-11|1-2-4-5,6,5928,uniform,linear,11.0,1.0,11.0,1.0,11.0,0.0,11.0,1.0,11.0,1.0,11.0,0.0,11.0,11.0,11.0,0.0,66.0,0.0,11.0,11.0,1.0,4.0,744084.0,1488168.0,15708.0,2.0,2.0,402882.6598058939,0.1884323936787019,-16.09296417236328,0.00080363435,0.0008190886088414,2.390107602586356e-05,0.0007951875328155,0.0008429896848672,0.029180085973447,0.0592668,0.0563564984127879,0.0012819792022275,0.0550745192105604,0.0576384776150154,0.0227476730870952,66.94223,62.96614742279053,1.9497577790782392,61.01638964371229,64.91590520186877,0.0309651750802928,0.027630978046945,False,predicted,,False,False,False,0.7885377156549803
40,low_mean_energy,C032253,2801350323268681159,6,uniform,late,0.05,4,1-2-3-4,11,11,11-11-11-11-11-11,5928,1,11-11-11-11-11-11|1-2-3-4,6,5928,uniform,late,11.0,1.0,11.0,1.0,11.0,1.0,11.0,1.0,11.0,0.0,11.0,0.0,11.0,11.0,11.0,0.0,66.0,0.0,11.0,11.0,1.0,4.0,678744.0,1357488.0,15048.0,2.0,2.0,186440.35505199432,0.2826656211327114,-16.10250473022461,0.0008037406,0.0008195564412744,3.200331622321809e-05,0.0007875531250512,0.0008515597574976,0.0390495573110871,0.058252778,0.0557196600362658,0.0013699651392419,0.0543496948970239,0.0570896251755077,0.0245867461924622,58.89804,60.18446273803711,1.2472280304848415,58.93723470755227,61.43169076852195,0.0207234221881087,0.028119908563886,False,predicted,,False,False,False,0.7509746337556349
41,structural_diversity,C020864,5495214231883514484,2,increasing,early,0.1,0,,49,107,49-107,49746,2,49-107|,2,49746,increasing,early,49.0,0.0,107.0,0.0,,0.0,,0.0,,0.0,,0.0,49.0,107.0,78.0,29.0,156.0,58.0,49.0,107.0,2.183673469387755,0.0,49674240.0,99348480.0,159744.0,32.0,32.0,4123.492181688547,0.4072701228466881,-33.16141891479492,0.013681831,0.0133955534081906,0.0006086874287686,0.0127868659794219,0.0140042408369592,0.0454395134131934,0.9363512,0.8984868437051773,0.0451932254236206,0.8532936182815567,0.943680069128798,0.0502992622988812,53.128372,55.167836380004886,1.692569039185485,53.4752673408194,56.86040541919037,0.030680359250031,0.0421397116540352,False,predicted,,False,False,False,-0.2525299762325386
42,structural_diversity,C003196,8356862286024315028,3,uniform,late,0.05,0,,74,74,74-74-74,101538,3,74-74-74|,3,101538,uniform,late,74.0,0.0,74.0,0.0,74.0,0.0,,0.0,,0.0,,0.0,74.0,74.0,74.0,0.0,222.0,0.0,74.0,74.0,1.0,0.0,102979584.0,205959168.0,227328.0,32.0,32.0,69809.18029618263,0.4266753411538802,-23.525047302246094,0.028166927,0.0258620006032288,0.0023401111025957,0.023521889500633,0.0282021117058245,0.0904845351485929,2.0288155,1.98518260717392,0.0775554586778287,1.907627148496091,2.0627380658517485,0.0390671661123586,61.94377,62.509229278564455,2.042990226936738,60.46623905162772,64.5522195055012,0.0326830173802401,0.0540782395470639,False,predicted,,False,False,False,-1.0811580722639773
43,structural_diversity,C047938,9042589474290519486,6,increasing,early,0.05,4,1-3-4-6,72,253,72-149-180-214-242-253,1707332,5,72-149-180-214-242-253|1-3-4-6,6,1707332,increasing,early,72.0,1.0,149.0,0.0,180.0,1.0,214.0,1.0,242.0,0.0,253.0,1.0,72.0,253.0,185.0,61.649547173249104,1110.0,181.0,72.0,253.0,3.513888888888889,4.0,126962784.0,253925568.0,179568.0,2.0,2.0,2719369613.872276,0.3765901093509925,-16.059389114379883,0.032739397,0.0359819002449512,0.0027074219409464,0.0332744783040048,0.0386893221858976,0.0752439955231743,2.3180928,2.4206192255020142,0.2068698337390665,2.213749391762948,2.6274890592410807,0.0854615346187559,85.81195,85.6889259338379,0.3608000687754094,85.32812586506249,86.0497260026133,0.0042105798951662,0.0549720366790321,False,predicted,,False,False,False,-1.52149353928298
44,structural_diversity,C029719,2806969407338382876,2,increasing,late,0.1,0,,60,241,60-241,134481,3,60-241|,2,134481,increasing,late,60.0,0.0,241.0,0.0,,0.0,,0.0,,0.0,,0.0,60.0,241.0,150.5,90.5,301.0,181.0,60.0,241.0,4.016666666666667,0.0,134922240.0,269844480.0,308224.0,32.0,32.0,6727.190866082907,0.5279413858495756,-28.08740234375,0.03216916,0.0358468327671289,0.0026405042109133,0.0332063285562155,0.0384873369780423,0.07366073951545,2.5588884,2.350545620918274,0.1181465891868975,2.2323990317313767,2.468692210105172,0.0502634742059343,59.825558,59.28501300811767,1.8778549632481671,57.407158044869504,61.16286797136584,0.0316750367076927,0.0518664168096923,False,predicted,,False,False,False,-1.867663203854884
45,structural_diversity,C044660,8816034620129053058,2,increasing,early,0.1,0,,61,202,61-202,114838,3,61-202|,2,114838,increasing,early,61.0,0.0,202.0,0.0,,0.0,,0.0,,0.0,,0.0,61.0,202.0,131.5,70.5,263.0,141.0,61.0,202.0,3.3114754098360657,0.0,115246080.0,230492160.0,269312.0,32.0,32.0,6147.378517270088,0.7443566887383989,-19.80339431762696,0.028667854,0.0298471523448824,0.0013646578340384,0.028482494510844,0.0312118101789209,0.0457215421514876,1.893689,1.935190534591675,0.0962836885848394,1.838906846006836,2.0314742231765144,0.0497541130259586,57.213398,59.07577991485596,2.2099430342726336,56.86583688058332,61.28572294912859,0.0374086137746764,0.0442947563173742,False,predicted,,False,False,False,-1.4240286273396423
46,structural_diversity,C040216,5705626749440540076,6,inverse_hourglass,early,0.1,4,1-2-4-6,91,240,91-173-240-240-194-91,1616099,5,91-173-240-240-194-91|1-2-4-6,6,1616099,inverse_hourglass,early,91.0,1.0,173.0,1.0,240.0,0.0,240.0,1.0,194.0,0.0,91.0,1.0,91.0,240.0,171.5,61.71642136957284,1029.0,149.0,91.0,91.0,1.0,4.0,105127776.0,210255552.0,172752.0,2.0,2.0,1960707438.510743,0.3312794942832253,-16.0555362701416,0.02779053,0.0290083090774714,0.0023058054168139,0.0267025036606575,0.0313141144942854,0.0794877567891303,2.0776763,2.077154904603958,0.0652393941873801,2.011915510416578,2.1423942987913382,0.0314080543741724,85.42123,85.66964759826661,0.356455565498625,85.31319203276799,86.02610316376523,0.004160815125214,0.0383522087628389,False,predicted,,False,False,False,-1.0028241110979634
47,structural_diversity,C003389,4312636185352874124,2,decreasing,late,0.0,2,1-2,91,240,240-91,204291,4,240-91|1-2,2,204291,decreasing,late,240.0,1.0,91.0,1.0,,0.0,,0.0,,0.0,,0.0,91.0,240.0,165.5,74.5,331.0,149.0,240.0,91.0,0.3791666666666666,2.0,56954880.0,113909760.0,269056.0,8.0,8.0,8741.237605720758,5.65099074101743,-16.08188819885254,0.01749519,0.0160221339203417,0.0014331015862612,0.0145890323340805,0.0174552355066029,0.089445113452818,1.2396433,1.207703137397766,0.078646097861223,1.1290570395365431,1.286349235258989,0.0651203887990897,65.19167,64.86241779327392,2.0419687745195603,62.82044901875436,66.90438656779348,0.03148153960322,0.0620156806183759,False,predicted,,False,False,False,-0.3171915444809189
48,structural_diversity,C019032,76882621795837125,6,increasing,early,0.0,4,1-4-5-6,12,222,12-106-145-175-200-222,1096167,5,12-106-145-175-200-222|1-4-5-6,6,1096167,increasing,early,12.0,1.0,106.0,0.0,145.0,0.0,175.0,1.0,200.0,1.0,222.0,1.0,12.0,222.0,143.33333333333334,69.57889207383387,860.0,210.0,12.0,222.0,18.5,4.0,123692544.0,247385088.0,137696.0,2.0,2.0,826250224.755939,0.4253015431265073,-16.07651138305664,0.03000543,0.031096651405096,0.0025406672445616,0.0285559841605343,0.0336373186496577,0.0817022775688744,2.1027799,2.073294734954834,0.1429138044528537,1.9303809305019803,2.216208539407688,0.0689307709335243,83.989456,83.71713027954101,0.9753355077244,82.74179477181661,84.6924657872654,0.0116503695775003,0.0540944726932997,False,predicted,,False,False,False,-1.1845668344717102
49,structural_diversity,C046977,1907929675012525820,6,hourglass,late,0.0,0,,9,83,83-36-9-9-36-83,63682,3,83-36-9-9-36-83|,6,63682,hourglass,late,83.0,0.0,36.0,0.0,9.0,0.0,9.0,0.0,36.0,0.0,83.0,0.0,9.0,83.0,42.66666666666666,30.57595278791634,256.0,74.0,83.0,83.0,1.0,0.0,64088064.0,128176128.0,262144.0,32.0,32.0,16226179.716380388,0.4089875567913488,-25.967472076416016,0.022365108,0.0225219110026955,0.0019791108480031,0.0205428001546924,0.0245010218506986,0.0878749075851618,1.3658509,1.421341747045517,0.0707468438705454,1.3505949031749716,1.4920885909160624,0.049774689315644,70.046814,70.66001205444336,1.9693294312268128,68.69068262321655,72.62934148567017,0.0278704938474882,0.0551733635827647,False,predicted,,False,False,False,-0.7226463703549477
50,structural_diversity,C047965,597648301496950798,2,decreasing,early,0.0,1,1,83,243,243-83,189248,4,243-83|1,2,189248,decreasing,early,243.0,1.0,83.0,0.0,,0.0,,0.0,,0.0,,0.0,83.0,243.0,163.0,80.0,326.0,160.0,243.0,83.0,0.3415637860082304,1.0,53187840.0,106375680.0,270080.0,16.0,16.0,8146.842559993267,3.15266454659569,-18.07599639892578,0.016682528,0.0147873134352266,0.001308808864864,0.0134785045703626,0.0160961223000907,0.0885089012684483,1.1532673,1.0685199528932572,0.0932239754186451,0.975295977474612,1.1617439283119024,0.0872458910722447,62.625656,63.17996101379394,1.5057570280953256,61.67420398569862,64.68571804188927,0.023832826167249,0.066529206169314,False,predicted,,False,False,False,-0.24800256028769374
